,FLEET,AC CODE,"FLT#
(OB)","FLT#
(IB)",ORIG,DEST,"DEST
(ret)","ORIG
(ret)","DEP OB
(HHMM)","ARR OB
(HHMM)","BLOCK OB
(HHMM)","DEP IB
(HHMM)","ARR IB
(HHMM)","BLOCK IB
(HHMM)",OPR,,,,,,,
Domestic,320/D,H319,1862,1862,AUS,ABQ,ABQ,AUS,1743,1850,0207,1930,2225,0155,NAC,,,,,,,
Domestic,320/D,H319,3242,3243,AUS,AMA,AMA,AUS,2013,2155,0142,0845,1022,0137,NAC,,,,,,,
Alaska,320/D,321E,542,543,AUS,ANC,ANC,AUS,1930,2351,0721,2015,0549,0634,NAC,,,,,,,
Alaska,320/D,321E,590,599,AUS,ANC,ANC,AUS,1409,1830,0721,0700,1634,0634,NAC,,,,,,,
Domestic,320/D,321K,2022,2051,AUS,ATL,ATL,AUS,1445,1748,0203,1833,2005,0232,NAC,,,,,,,
Domestic,320/D,321R,1278,1279,AUS,BOS,BOS,AUS,1210,1702,0352,1747,2113,0426,NAC,,,,,,,
Domestic,320/D,H319,1366,1417,AUS,CHS,CHS,AUS,0920,1300,0240,1345,1549,0304,NAC,,,,,,,
Domestic,320/D,H205,1506,1539,AUS,CID,CID,AUS,2129,2354,0225,0515,0747,0232,NAC,,,,,,,
Domestic,320/D,H205,895,895,AUS,CID,CID,AUS,1510,1735,0225,1823,2055,0232,NAC,,,,,,,
Domestic,320/D,A320,3134,3135,AUS,CVG,CVG,AUS,2028,2359,0231,0545,0733,0248,NAC,,,,,,,
Domestic,320/D,A320,1400,1439,AUS,CVG,CVG,AUS,0925,1256,0231,1341,1529,0248,NAC,,,,,,,
Domestic,320/D,321R,1414,1415,AUS,DCA,DCA,AUS,1705,2114,0309,0600,0836,0336,NAC,,,,,,,
Domestic,E175,E7W,6248,6249,LAX,ABQ,ABQ,LAX,0755,1101,0206,1146,1301,0215,SSX,,,,,,,
Domestic,E145,EMJ,5976,5977,RDU,AGS,AGS,RDU,2123,2250,0127,0600,0723,0123,EMY,,,,,,,
Domestic,E145,EMJ,6058,6059,RDU,AGS,AGS,RDU,1443,1610,0127,1655,1818,0123,EMY,,,,,,,
Domestic,320/D,321R,2084,2117,AUS,DEN,DEN,AUS,1336,1445,0209,1540,1850,0210,NAC,,0620,0729,0814,1124,0045,0045
Domestic,737/D,738K,3124,3125,MIA,DEN,DEN,MIA,2050,2300,0410,2355,0544,0349,NAC,,0650,0900,0945,1534,0045,0045
Domestic,320/D,H205,3888,3889,PHX,DEN,DEN,PHX,0815,1057,0142,1242,1343,0201,NAC,,,,,,,
Domestic,320/D,321R,588,589,AUS,DEN,DEN,AUS,0930,1039,0209,1140,1450,0210,NAC,,0620,0729,0814,1124,0045,0045
Domestic,737/D,738K,2976,2977,AUS,DEN,DEN,AUS,1115,1224,0209,1315,1625,0210,NAC,,0620,0729,0814,1124,0045,0045
Domestic,737/D,738K,2134,2173,AUS,DEN,DEN,AUS,1655,1804,0209,1849,2159,0210,NAC,,1520,1629,1714,2024,0045,0045
Domestic,320/D,321R,1830,1821,AUS,DEN,DEN,AUS,2245,2354,0209,0509,0819,0210,NAC,,2340,0049,0535,0845,0045,0045
Domestic,737/D,738K,1080,1087,MIA,DEN,DEN,MIA,1110,1320,0410,1401,1950,0349,NAC,,0640,0850,0935,1524,0045,0045
Domestic,320/D,319S,1994,2019,AUS,DFW,DFW,AUS,2248,2355,0107,0400,0520,0120,NAC,,,,,,,
Domestic,320/D,H319,1760,1787,AUS,DFW,DFW,AUS,1310,1417,0107,1450,1610,0120,NAC,,,,,,,
Domestic,320/D,H205,2324,2353,AUS,DSM,DSM,AUS,2138,2357,0219,0504,0728,0224,NAC,,,,,,,
Domestic,320/D,H205,722,727,AUS,DSM,DSM,AUS,0904,1123,0219,1210,1434,0224,NAC,,,,,,,
Domestic,737/D,738K,2470,2499,AUS,DTW,DTW,AUS,1125,1518,0253,1558,1809,0311,NAC,,1520,1620,1705,1916,0045,0045
Domestic,320/D,319S,1288,1289,AUS,EGE,EGE,AUS,1730,1900,0230,0800,1119,0219,NAC,,,,,,,
Domestic,320/D,319S,3872,3873,AUS,EGE,EGE,AUS,1030,1200,0230,1240,1559,0219,NAC,,,,,,,
Domestic,320/D,319S,414,309,AUS,EYW,EYW,AUS,1005,1345,0240,1425,1627,0302,NAC,,,,,,,
Domestic,320/D,321K,1555,1524,AUS,FLL,FLL,AUS,0650,1035,0245,1120,1329,0309,NAC,,,,,,,
Domestic,320/D,321K,1296,1297,AUS,FLL,FLL,AUS,1315,1700,0245,1745,1954,0309,NAC,,,,,,,
Domestic,320/D,321R,3174,3175,AUS,FLL,FLL,AUS,1735,2120,0245,2205,0014,0309,NAC,,,,,,,
Domestic,320/D,321R,3288,3289,AUS,FLL,FLL,AUS,2010,2355,0245,0600,0809,0309,NAC,,,,,,,
Domestic,320/D,H205,1841,1841,AUS,GEG,GEG,AUS,2150,2354,0404,0540,1122,0342,NAC,,0620,0824,0909,1451,0045,0045
Domestic,320/D,H205,1810,1810,AUS,GEG,GEG,AUS,1002,1206,0404,1255,1837,0342,NAC,,1610,1729,1814,1936,0045,0045
Domestic,320/D,319S,1260,1271,AUS,GUC,GUC,AUS,1150,1314,0224,1354,1707,0213,NAC,,,,,,,
Domestic,320/D,H205,344,347,AUS,IAD,IAD,AUS,1350,1757,0307,1847,2121,0334,NAC,,,,,,,
Domestic,320/D,H319,1731,1731,AUS,ICT,ICT,AUS,2129,2317,0148,0502,0651,0149,NAC,,,,,,,
Domestic,320/D,H319,392,393,AUS,ICT,ICT,AUS,1217,1405,0148,1505,1654,0149,NAC,,,,,,,
Domestic,320/D,319S,1932,1932,AUS,JAC,JAC,AUS,1130,1341,0311,1215,1610,0255,NAC,,,,,,,
Domestic,320/D,319S,832,833,AUS,JAC,JAC,AUS,1854,2105,0311,1336,1731,0255,NAC,,,,,,,
Domestic,320/D,321R,1022,1023,AUS,LAS,LAS,AUS,0845,0951,0306,1036,1520,0244,NAC,,,,,,,
Domestic,320/D,321R,394,395,AUS,LAX,LAX,AUS,1230,1346,0316,1431,1930,0259,NAC,,,,,,,
Domestic,320/D,321R,1738,1737,AUS,LAX,LAX,AUS,0740,0856,0316,0941,1440,0259,NAC,,,,,,,
Domestic,320/D,321R,547,547,AUS,LGA,LGA,AUS,1843,2315,0332,0725,1028,0403,NAC,,,,,,,
Domestic,320/D,321R,1616,1611,AUS,LGA,LGA,AUS,0743,1215,0332,1315,1618,0403,NAC,,,,,,,
Domestic,320/D,321R,1554,1591,AUS,LGA,LGA,AUS,1133,1605,0332,1705,2008,0403,NAC,,,,,,,
Domestic,320/D,H319,3190,3191,AUS,MAF,MAF,AUS,2033,2205,0132,0710,0836,0126,NAC,,,,,,,
Domestic,320/D,H319,1708,1709,AUS,MAF,MAF,AUS,1043,1215,0132,1305,1431,0126,NAC,,,,,,,
Domestic,320/D,319S,330,333,AUS,MCI,MCI,AUS,1110,1312,0202,1357,1602,0205,NAC,,,,,,,
Domestic,320/D,H205,334,337,AUS,MCI,MCI,AUS,1910,2112,0202,0800,1005,0205,NAC,,,,,,,
Domestic,320/D,321R,1292,1293,AUS,MCO,MCO,AUS,1340,1713,0233,1825,2020,0255,NAC,,,,,,,
Domestic,320/D,A320,1164,1175,AUS,MCO,MCO,AUS,2015,2348,0233,0615,0810,0255,NAC,,,,,,,
Domestic,320/D,A320,2022,2051,AUS,MCO,MCO,AUS,0915,1248,0233,1335,1530,0255,NAC,,,,,,,
Domestic,320/D,H319,3148,3149,AUS,MKE,MKE,AUS,1135,1416,0241,1456,1750,0254,NAC,,,,,,,
Domestic,320/D,H319,2934,2934,AUS,MRY,MRY,AUS,1010,1204,0354,1244,1808,0324,NAC,,,,,,,
Domestic,320/D,319S,1024,1025,AUS,MSY,MSY,AUS,2230,0008,0138,0605,0753,0148,NAC,,,,,,,
Mexico,320/D,H319,2232,2265,AUS,MZT,MZT,AUS,1035,1053,0218,1240,1646,0206,NAC,,,,,,,
Domestic,320/D,321K,3280,3281,AUS,ONT,ONT,AUS,1005,1126,0321,1220,1715,0255,NAC,,,,,,,
Domestic,320/D,321R,286,287,AUS,ORD,ORD,AUS,2210,0034,0224,0705,0959,0254,NAC,,,,,,,
Domestic,320/D,H205,3150,3151,AUS,ORD,ORD,AUS,1946,2210,0224,0705,0959,0254,NAC,,,,,,,
Alaska,E175,E7W,2322,2323,ANC,PDX,PDX,ANC,0835,1325,0350,1415,1733,0418,SSX,,,,,,,
Domestic,320/D,321R,1425,1424,AUS,PDX,PDX,AUS,1026,1248,0422,1340,1933,0353,NAC,,0620,0842,0927,1520,0045,0045
Domestic,320/D,319W,2364,2364,MIA,ATL,ATL,MIA,1027,1215,0148,1255,1450,0155,NAC,,,,,,,
Domestic,320/D,319W,1398,1437,LGA,BGR,BGR,LGA,1012,1145,0133,1225,1404,0139,NAC,,,,,,,
Domestic,320/D,319W,740,745,LGA,BNA,BNA,LGA,1925,2051,0226,0618,0928,0210,NAC,,2310,0045,0500,0630,0045,0045
Domestic,320/D,319W,4270,4271,PHX,BLI,BLI,PHX,0700,1010,0310,1055,1354,0259,PFT,,,,,,,
Domestic,E175,E7W,6304,6305,LAX,ABQ,ABQ,LAX,1135,1434,0159,1519,1624,0205,SSX,,,,,,,
Domestic,Q400,DH4,2388,2389,LAX,ACV,ACV,LAX,2201,2359,0158,0700,0841,0141,SSX,,,,,,,
Domestic,320/D,319W,4630,4631,LAS,SBA,SBA,LAS,1130,1301,0131,1345,1510,0125,PFT,,,,,,,
Domestic,320/D,319W,3912,3913,BOS,CHS,CHS,BOS,1145,1414,0229,1459,1717,0218,OLD,,,,,,,
Alaska,737/I,738R,364,367,LAX,ANC,ANC,LAX,1905,2337,0532,0027,0620,0453,AUR,,,,,,,
Domestic,320/D,319W,202,201,MIA,BNA,BNA,MIA,1515,1640,0225,1725,2042,0217,NAC,,,,,,,
Domestic,320/D,319W,3454,3455,LAS,STS,STS,LAS,1435,1624,0149,1709,1848,0139,PFT,,,,,,,
Domestic,320/D,319W,4868,4869,LAS,BIL,BIL,LAS,1515,1827,0212,1912,2031,0219,PFT,,,,,,,
Domestic,320/D,319W,174,173,BOS,CHS,CHS,BOS,1650,1919,0229,2004,2222,0218,OLD,,,,,,,
Domestic,320/D,319W,346,339,DEN,BLI,BLI,DEN,1705,1904,0259,1949,2319,0230,OLD,,,,,,,
Domestic,320/D,319W,3252,3253,BOS,DCA,DCA,BOS,1725,1907,0142,1952,2127,0135,OLD,,,,,,,
Domestic,E175,E7W,6308,6309,LAX,ASE,ASE,LAX,1625,1931,0206,2016,2127,0211,SSX,,,,,,,
Domestic,320/D,319W,2950,2951,DEN,BLI,BLI,DEN,2255,0054,0259,0720,1050,0230,OLD,,,,,,,
Domestic,320/D,319W,4560,4561,LAS,BLI,BLI,LAS,2355,0236,0241,0520,0753,0233,PFT,,,,,,,
Domestic,320/D,319W,4352,4353,PVU,DEN,DEN,PVU,0530,0649,0119,0734,0911,0137,PFT,,,,,,,
Domestic,320/D,319W,2420,1393,SFO,RNO,RNO,SFO,0620,0738,0118,0823,0945,0122,OLD,,,,,,,
Domestic,320/D,319W,2138,1397,SFO,SMF,SMF,SFO,0635,0748,0113,0833,0947,0114,OLD,,,,,,,
Domestic,320/D,319W,1985,1985,LGA,BOS,BOS,LGA,0900,1018,0118,1100,1221,0121,NAC,,1240,1415,1500,1643,0045,0045
Domestic,320/D,321R,2962,2963,AUS,PHX,PHX,AUS,1415,1454,0239,1539,1959,0220,NAC,,,,,,,
Domestic,320/D,319S,2374,2401,AUS,PNS,PNS,AUS,2052,2247,0155,0615,0824,0209,NAC,,,,,,,
Domestic,320/D,321R,826,827,AUS,PSP,PSP,AUS,1550,1703,0313,1748,2236,0248,NAC,,,,,,,
Mexico,320/D,321R,816,817,AUS,PVR,PVR,AUS,1017,1144,0227,1245,1602,0217,NAC,,,,,,,
Domestic,320/D,319W,2462,2493,LGA,BOS,BOS,LGA,1300,1418,0118,1500,1621,0121,NAC,,,,,,,
Domestic,320/D,A320,814,1919,AUS,RDU,RDU,AUS,2007,2359,0252,0555,0812,0317,NAC,,,,,,,
Domestic,320/D,A320,1896,815,AUS,RDU,RDU,AUS,1515,1907,0252,1952,2209,0317,NAC,,,,,,,
Domestic,320/D,A320,3838,3839,RDU,ALB,ALB,RDU,2207,2357,0150,0545,0740,0155,NAC,,,,,,,
Domestic,E175,E7W,4452,4453,RDU,ALB,ALB,RDU,2159,2355,0156,0700,0840,0140,RBD,,0705,0705,0750,1006,0045,0045
Domestic,320/D,321R,818,819,AUS,SAN,SAN,AUS,1055,1212,0317,1315,1806,0251,NAC,,,,,,,
Domestic,320/D,321R,2394,2394,AUS,SAN,SAN,AUS,1435,1552,0317,1637,2128,0251,NAC,,,,,,,
Domestic,320/D,321N,852,852,AUS,SAN,SAN,AUS,2148,2305,0317,0009,0500,0251,NAC,,,,,,,
Domestic,320/D,321K,2425,2425,AUS,SAN,SAN,AUS,1948,2105,0317,0620,1111,0251,NAC,,2355,0112,0600,1051,0045,0045
Domestic,320/D,321K,859,859,AUS,SAN,SAN,AUS,0855,1012,0317,1410,1901,0251,NAC,,2350,0107,0600,1051,0045,0045
Domestic,320/D,319S,768,775,AUS,SDF,SDF,AUS,2037,2359,0222,0735,0913,0238,NAC,,,,,,,
Domestic,320/D,H205,828,829,AUS,SDF,SDF,AUS,1043,1405,0222,1445,1623,0238,NAC,,,,,,,
Domestic,320/D,321K,810,811,AUS,SEA,SEA,AUS,2029,2257,0428,2355,0555,0400,NAC,,,,,,,
Domestic,320/D,321K,1068,1069,AUS,SEA,SEA,AUS,0955,1223,0428,1315,1915,0400,NAC,,,,,,,
Domestic,320/D,321E,760,761,AUS,SFO,SFO,AUS,0650,0850,0400,0950,1518,0328,NAC,,,,,,,
Domestic,320/D,321K,1322,1323,AUS,SFO,SFO,AUS,1348,1548,0400,0735,1303,0328,NAC,,0740,0932,1017,1158,0045,0045
Domestic,320/D,321K,2153,2152,AUS,SFO,SFO,AUS,0807,1007,0400,1107,1635,0328,NAC,,,,,,,
Domestic,320/D,321R,1443,1442,AUS,SFO,SFO,AUS,1535,1735,0400,1820,2348,0328,NAC,,,,,,,
Domestic,320/D,321R,1347,1346,AUS,SFO,SFO,AUS,2030,2230,0400,2330,0458,0328,NAC,,,,,,,
Domestic,320/D,321R,1706,1707,AUS,SFO,SFO,AUS,1730,1930,0400,0500,1028,0328,NAC,,,,,,,
Domestic,320/D,321R,1323,1322,AUS,SFO,SFO,AUS,1140,1340,0400,1425,1953,0328,NAC,,,,,,,
Mexico,320/D,321R,1674,1675,AUS,SJD,SJD,AUS,1005,1045,0240,1255,1718,0223,NAC,,,,,,,
Mexico,320/D,321R,3290,3291,AUS,SJD,SJD,AUS,1445,1525,0240,1725,2148,0223,NAC,,,,,,,
Domestic,320/D,321R,2112,1403,AUS,SLC,SLC,AUS,2135,2337,0302,0635,1020,0245,NAC,,,,,,,
Domestic,320/D,321R,462,467,AUS,SLC,SLC,AUS,1115,1317,0302,1425,1810,0245,NAC,,,,,,,
Domestic,320/D,321E,3110,3111,AUS,SNA,SNA,AUS,1427,1550,0323,1120,1616,0256,NAC,,,,,,,
Domestic,320/D,A320,306,307,AUS,SRQ,SRQ,AUS,1223,1550,0227,1625,1813,0248,NAC,,,,,,,
Domestic,320/D,A320,1984,2015,AUS,STL,STL,AUS,1118,1325,0207,1410,1627,0217,NAC,,,,,,,
Domestic,320/D,321K,822,823,AUS,TPA,TPA,AUS,0725,1051,0226,1136,1323,0247,NAC,,,,,,,
Domestic,320/D,321K,274,275,AUS,TPA,TPA,AUS,2033,2359,0226,0700,0847,0247,NAC,,,,,,,
Domestic,320/D,321K,702,707,AUS,TPA,TPA,AUS,1005,1331,0226,1425,1612,0247,NAC,,,,,,,
Domestic,320/D,321N,2484,2484,AUS,TPA,TPA,AUS,1327,1653,0226,1743,1930,0247,NAC,,,,,,,
Domestic,320/D,H319,1270,1305,AUS,TYS,TYS,AUS,2035,2357,0222,0505,0645,0240,NAC,,,,,,,
Domestic,320/D,319W,472,477,DEN,CHS,CHS,DEN,0650,1209,0319,1254,1434,0340,OLD,,,,,,,
Domestic,320/D,H319,1488,1527,AUS,TYS,TYS,AUS,1000,1322,0222,1307,1447,0240,NAC,,,,,,,
Domestic,320/D,319S,1825,1825,AUS,XNA,XNA,AUS,1205,1347,0142,1427,1613,0146,NAC,,1545,1710,1800,1915,0050,0050
Canada,320/D,321K,1458,1501,AUS,YVR,YVR,AUS,2017,2257,0440,0600,1211,0411,NAC,,,,,,,
Canada,320/D,321K,1772,1763,AUS,YVR,YVR,AUS,0905,1145,0440,1245,1856,0411,NAC,,,,,,,
Canada,320/D,A320,2938,2939,AUS,YYZ,YYZ,AUS,1843,2259,0316,0644,0923,0339,NAC,,,,,,,
Canada,320/D,A320,2446,2477,AUS,YYZ,YYZ,AUS,0939,1355,0316,1440,1719,0339,NAC,,,,,,,
Domestic,320/D,319W,1012,1019,LGA,BOS,BOS,LGA,1800,1918,0118,2000,2121,0121,NAC,,,,,,,
Domestic,320/D,319W,3060,3061,LGA,BUF,BUF,LGA,1500,1631,0131,1710,1835,0125,NAC,,,,,,,
Domestic,320/D,321T,75,76,BOS,LAX,LAX,BOS,1735,2053,0618,2138,0609,0531,NAC,,,,,,,
Domestic,320/D,321T,2333,2332,BOS,LAX,LAX,BOS,1845,2138,0553,2223,0636,0513,NAC,,,,,,,
Domestic,E175,E7W,4236,4237,RDU,ALB,ALB,RDU,1114,1310,0156,1345,1525,0140,RBD,,1545,1715,1805,1935,0050,0050
Domestic,320/D,319W,2390,2391,MIA,BWI,BWI,MIA,1616,1850,0234,1930,2209,0239,NAC,,,,,,,
Domestic,320/D,321R,2368,2397,DFW,FLL,FLL,DFW,1255,1642,0247,1727,1925,0258,NAC,,,,,,,
Domestic,320/D,319W,182,181,DEN,TUS,TUS,DEN,0710,0814,0204,0859,1145,0146,OLD,,,,,,,
Domestic,320/D,319W,1556,1585,DEN,MSN,MSN,DEN,0725,1038,0213,1123,1244,0221,OLD,,,,,,,
Domestic,320/D,319W,1168,1401,SFO,BUR,BUR,SFO,0740,0909,0129,0954,1127,0133,OLD,,,,,,,
Domestic,320/D,319W,3496,3497,PVU,PDX,PDX,PVU,0805,0917,0212,1002,1302,0200,PFT,,,,,,,
Domestic,320/D,319W,1918,1941,DEN,FAR,FAR,DEN,0815,1109,0154,1154,1247,0153,OLD,,,,,,,
Domestic,320/D,319W,636,641,MCI,FLL,FLL,MCI,0830,1233,0303,1318,1539,0321,CARGO,,,,,,,
Domestic,320/D,319W,2327,1891,DEN,MFR,MFR,DEN,0855,1043,0248,1128,1445,0217,OLD,,,,,,,
Domestic,320/D,319W,850,857,MCI,EYW,EYW,MCI,0951,1357,0306,1437,1659,0322,CARGO,,,,,,,
Domestic,320/D,319W,2063,2063,AUS,STS,STS,AUS,1001,1205,0404,1250,1823,0333,,,,,,,,
Domestic,320/D,319W,650,651,SFO,BZN,BZN,SFO,1010,1326,0216,1411,1540,0229,OLD,,,,,,,
Domestic,320/D,319W,2130,1730,DEN,RDU,RDU,DEN,1010,1528,0318,1613,1752,0339,OLD,,,,,,,
Domestic,320/D,319W,562,563,SFO,SBA,SBA,SFO,1025,1149,0124,1234,1401,0127,OLD,,,,,,,
Domestic,320/D,319W,2476,2095,SLC,JAC,JAC,SLC,1030,1150,0120,1235,1356,0121,OLD,,,,,,,
Domestic,320/D,319W,2356,1185,SFO,RDM,RDM,SFO,1045,1228,0143,1313,1457,0144,OLD,,,,,,,
Domestic,320/D,319W,3420,3421,PVU,SAN,SAN,PVU,1050,1152,0202,1237,1532,0155,PFT,,,,,,,
Domestic,320/D,319W,628,633,DEN,JAC,JAC,DEN,1100,1239,0139,1324,1446,0122,OLD,,,,,,,
Mexico,320/I,319W,1240,1241,SFO,MEX,MEX,SFO,1105,1617,0412,1712,2055,0443,OLD,,,,,,,
Domestic,320/D,319W,1840,1839,DEN,ICT,ICT,DEN,1115,1348,0133,1433,1505,0132,OLD,,,,,,,
Domestic,320/D,319W,2246,2287,MCI,IAH,IAH,MCI,1130,1333,0203,1418,1620,0202,CARGO,,,,,,,
Domestic,320/D,319W,2098,2127,DEN,DTW,DTW,DEN,1150,1634,0244,1719,1818,0259,OLD,,,,,,,
Domestic,320/D,319W,2096,2129,PDX,LAX,LAX,PDX,1230,1440,0210,1525,1750,0225,AUR,,,,,,,
Domestic,320/D,319W,2464,1081,DEN,SBA,SBA,DEN,1230,1412,0242,1457,1810,0213,OLD,,,,,,,
Domestic,320/D,319W,2064,1385,DEN,JAC,JAC,DEN,1305,1444,0139,1529,1651,0122,OLD,,,,,,,
Domestic,320/D,319W,1832,1867,DEN,TYS,TYS,DEN,1315,1803,0248,1748,1851,0303,OLD,,,,,,,
Domestic,320/D,319W,3262,3263,PDX,SLC,SLC,PDX,1320,1616,0156,1701,1809,0208,AUR,,,,,,,
Domestic,320/D,321K,1746,1769,LAX,ATL,ATL,LAX,1016,1720,0404,1605,1754,0449,NAC,,,,,,,
Domestic,320/D,319W,2161,1753,DEN,RDU,RDU,DEN,1355,1913,0318,1958,2137,0339,OLD,,,,,,,
Domestic,320/D,321K,1482,1483,LAX,AUS,AUS,LAX,0600,1059,0259,1200,1316,0316,NAC,,,,,,,
Domestic,320/D,319W,1452,2235,DEN,RDM,RDM,DEN,1525,1704,0239,1749,2059,0210,OLD,,,,,,,
Domestic,320/D,319W,2233,1050,DEN,CID,CID,DEN,1530,1829,0159,1914,2018,0204,OLD,,,,,,,
Domestic,320/D,319W,1134,1135,SFO,ABQ,ABQ,SFO,1545,1908,0223,1953,2136,0243,OLD,,,,,,,
Domestic,320/D,319W,2160,2195,BOS,BNA,BNA,BOS,1556,1744,0248,1830,2159,0229,OLD,,,,,,,
Canada,320/D,319W,1234,1235,SFO,YVR,YVR,SFO,1605,1825,0220,1915,2134,0219,AAH,,,,,,,
Domestic,320/D,319W,1384,1385,SFO,MFR,MFR,SFO,1620,1751,0131,1836,2006,0130,OLD,,,,,,,
Domestic,320/D,319W,1996,2075,DEN,SBP,SBP,DEN,1620,1804,0244,1849,2203,0214,OLD,,,,,,,
Domestic,320/D,319W,2982,2983,DEN,CVG,CVG,DEN,1635,2113,0238,2158,2250,0252,OLD,,,,,,,
Domestic,320/D,319W,1316,1317,SFO,JAC,JAC,SFO,1635,1943,0208,2028,2150,0222,OLD,,,,,,,
Domestic,320/D,319W,326,327,DEN,TUS,TUS,DEN,1640,1744,0204,1829,2115,0146,OLD,,,,,,,
Domestic,320/D,319W,1782,1783,SFO,PSP,PSP,SFO,1645,1821,0136,1906,2050,0144,OLD,,,,,,,
Domestic,320/D,319W,2398,1123,DEN,MSP,MSP,DEN,1710,2009,0159,2054,2156,0202,OLD,,,,,,,
Domestic,320/D,319W,2350,387,SFO,SBA,SBA,SFO,1720,1844,0124,1929,2056,0127,OLD,,,,,,,
Domestic,320/D,319W,2056,2057,DEN,FSD,FSD,DEN,1740,2019,0139,2104,2143,0139,OLD,,,,,,,
Domestic,320/D,319W,1544,751,SFO,SEA,SEA,SFO,1740,1946,0206,2031,2237,0206,OLD,,,,,,,
Domestic,320/D,319W,2208,1479,DEN,DFW,DFW,DEN,1750,2033,0143,2118,2213,0155,OLD,,,,,,,
Domestic,320/D,319W,656,665,PDX,LAX,LAX,PDX,1750,2000,0210,2045,2310,0225,AUR,,,,,,,
Domestic,320/D,319W,2410,2439,DEN,BZN,BZN,DEN,1805,1956,0151,2041,2215,0134,OLD,,,,,,,
Domestic,320/D,319W,2314,2345,SFO,DTW,DTW,SFO,1840,0212,0432,0840,1058,0518,OLD,,,,,,,
Domestic,320/D,319W,2072,2111,SFO,CMH,CMH,SFO,1855,0231,0436,0605,0828,0523,OLD,,,,,,,
Domestic,320/D,319W,3106,3107,MCI,DFW,DFW,MCI,1855,2028,0133,2113,2255,0142,CARGO,,,,,,,
Domestic,320/D,319W,1196,2155,DEN,MTJ,MTJ,DEN,1940,2059,0119,2144,2250,0106,OLD,,,,,,,
Domestic,320/D,319W,1570,1605,DEN,DRO,DRO,DEN,2005,2128,0123,2213,2323,0110,OLD,,,,,,,
Domestic,320/D,319W,1076,2491,DEN,SBA,SBA,DEN,2010,2152,0242,2237,0150,0213,OLD,,,,,,,
Domestic,320/D,319W,2298,1407,SFO,TUS,TUS,SFO,2025,2233,0208,2318,0141,0223,OLD,,,,,,,
Domestic,320/D,319W,2206,1409,SFO,SLC,SLC,SFO,2035,2328,0153,0013,0119,0206,OLD,,,,,,,
Domestic,320/D,321K,1254,1255,LAX,AUS,AUS,LAX,1205,1704,0259,1744,1900,0316,NAC,,0705,0705,0750,0750,0045,0045
Domestic,320/D,319W,1128,1139,DEN,DFW,DFW,DEN,2120,0003,0143,0725,0820,0155,OLD,,,,,,,
Domestic,320/D,319W,2282,1191,SFO,MFR,MFR,SFO,2120,2251,0131,2336,0106,0130,OLD,,,,,,,
Domestic,320/D,319W,1664,1693,DEN,GRR,GRR,DEN,2125,0158,0233,0520,0605,0245,OLD,,,,,,,
Domestic,320/D,319W,2259,2258,SFO,PDX,PDX,SFO,2130,2322,0152,0007,0159,0152,OLD,,,,,,,
Domestic,320/D,319W,1184,1181,SFO,RDM,RDM,SFO,2140,2323,0143,0008,0152,0144,OLD,,,,,,,
Domestic,320/D,319W,2118,1213,DEN,MTJ,MTJ,DEN,2150,2309,0119,2354,0100,0106,OLD,,,,,,,
Domestic,320/D,319W,1794,1795,SFO,SAN,SAN,SFO,2150,2329,0139,0014,0200,0146,OLD,,,,,,,
Domestic,320/D,319W,2166,1169,SFO,BUR,BUR,SFO,2200,2329,0129,0014,0147,0133,OLD,,,,,,,
Domestic,320/D,319W,2416,691,DEN,DTW,DTW,DEN,2210,0254,0244,0710,0809,0259,OLD,,,,,,,
Domestic,320/D,319W,2254,2293,DEN,TYS,TYS,DEN,2225,0313,0248,0815,0918,0303,OLD,,,,,,,
Domestic,320/D,319W,1612,1639,DEN,SEA,SEA,DEN,2310,0103,0253,0730,1054,0224,OLD,,,,,,,
Domestic,320/D,319W,1110,2427,DEN,AUS,AUS,DEN,2320,0230,0210,0550,0659,0209,OLD,,,,,,,
Domestic,320/D,321R,1558,1593,DFW,MCO,MCO,DFW,1750,2122,0232,2210,2351,0241,NAC,,,,,,,
Domestic,320/D,321K,2078,2119,DFW,SFO,SFO,DFW,1402,1558,0356,0805,1317,0312,NAC,,2340,0205,0550,0611,0045,0045
Domestic,320/D,321R,788,795,DFW,SFO,SFO,DFW,1827,2023,0356,1230,1742,0312,NAC,,,,,,,
Domestic,E190,E95,4716,4717,RDU,ALB,ALB,RDU,0835,1025,0150,1110,1305,0155,PFT,,,,,,,
Domestic,320/D,319S,434,435,JFK,EGE,EGE,JFK,0805,1039,0434,1620,2215,0355,NAC,,,,,,,
Domestic,320/D,319S,3246,3247,JFK,JAC,JAC,JFK,0959,1251,0452,0800,1411,0411,NAC,,,,,,,
Domestic,320/D,321T,39,40,JFK,LAX,LAX,JFK,1320,1620,0600,2045,0500,0515,NAC,,,,,,,
Domestic,320/D,321T,1,2,JFK,LAX,LAX,JFK,1805,2105,0600,2245,0700,0515,NAC,,,,,,,
Domestic,320/D,321T,198,197,JFK,LAX,LAX,JFK,2205,0105,0600,0600,1415,0515,NAC,,,,,,,
Domestic,320/D,321T,25,26,JFK,LAX,LAX,JFK,0625,0925,0600,1025,1840,0515,NAC,,,,,,,
Domestic,320/D,321T,77,78,JFK,LAX,LAX,JFK,0755,1055,0600,1155,2010,0515,NAC,,,,,,,
Domestic,320/D,321T,85,86,JFK,LAX,LAX,JFK,0940,1240,0600,1340,2155,0515,NAC,,,,,,,
Domestic,320/D,321T,158,159,JFK,LAX,LAX,JFK,1140,1440,0600,1525,2340,0515,NAC,,,,,,,
Domestic,737/D,738K,764,769,AUS,EWR,EWR,AUS,1451,1921,0330,0730,1030,0400,NAC,,,,,,,
Domestic,320/D,321X,32,33,JFK,LAX,LAX,JFK,1438,1653,0515,2005,0505,0600,NAC,,,,,,,
Domestic,320/D,321E,2082,2125,JFK,PHX,PHX,JFK,0715,0943,0528,2219,0600,0441,NAC,,,,,,,
Domestic,320/D,321R,786,793,JFK,PHX,PHX,JFK,1915,2143,0528,1019,1800,0441,NAC,,,,,,,
Domestic,320/D,319S,2954,2955,JFK,RDU,RDU,JFK,1855,2039,0144,0650,0828,0138,NAC,,,,,,,
Domestic,320/D,321T,99,100,JFK,SFO,SFO,JFK,1210,1535,0625,1635,0103,0528,NAC,,,,,,,
Domestic,320/D,321T,185,189,JFK,SFO,SFO,JFK,1950,2315,0625,1707,0135,0528,NAC,,,,,,,
Domestic,320/D,321T,3,4,JFK,SFO,SFO,JFK,1635,2000,0625,2045,0513,0528,NAC,,,,,,,
Domestic,320/D,321T,9,10,JFK,SFO,SFO,JFK,0600,0925,0625,0700,1528,0528,NAC,,,,,,,
Domestic,320/D,321T,2926,2926,JFK,SNA,SNA,JFK,0857,1205,0608,1305,2119,0514,NAC,,,,,,,
Domestic,320/D,321R,1382,1383,LAX,AUS,AUS,LAX,1415,1914,0259,1954,2110,0316,NAC,,2305,0031,0650,0816,0045,0045
Domestic,737/D,738K,490,493,LAX,AUS,AUS,LAX,1655,2154,0259,2234,2350,0316,NAC,,,,,,,
Domestic,320/D,321R,2496,2496,LAX,BNA,BNA,LAX,1005,1604,0359,1705,1935,0430,NAC,,,,,,,
Domestic,737/D,738K,1790,1799,LAX,BNA,BNA,LAX,2351,0550,0359,0640,0910,0430,NAC,,0850,1131,1216,1451,0045,0045
Domestic,737/D,738K,2392,2393,LAX,BNA,BNA,LAX,1650,2249,0359,0710,0940,0430,NAC,,,,,,,
Domestic,320/D,321X,1334,1335,LAX,BOS,BOS,LAX,2209,0640,0531,0740,1058,0618,NAC,,,,,,,
Domestic,320/D,321X,2332,2333,LAX,BOS,BOS,LAX,0600,1431,0531,1516,1834,0618,NAC,,,,,,,
Domestic,320/D,F321,4246,4247,LAX,BWI,BWI,LAX,0600,1359,0459,1500,1740,0540,PFT,,,,,,,
Domestic,737/D,738K,2378,2405,LAX,CLE,CLE,LAX,1000,1729,0429,1820,2024,0504,NAC,,,,,,,
Domestic,320/D,321K,1707,1706,LAX,CLT,CLT,LAX,2130,0505,0435,0610,0823,0513,NAC,,,,,,,
Domestic,320/D,321K,1483,1482,LAX,CLT,CLT,LAX,0930,1705,0435,1805,2018,0513,NAC,,,,,,,
Domestic,737/D,738K,2184,2223,LAX,CMH,CMH,LAX,0924,1646,0422,1746,1942,0456,NAC,,,,,,,
Mexico,320/I,321E,908,909,LAX,CUN,CUN,LAX,1130,1805,0435,1905,2212,0507,NAC,,,,,,,
Domestic,737/D,738M,1648,1673,LAX,DCA,DCA,LAX,1458,2255,0457,0750,1028,0538,NAC,,,,,,,
Domestic,737/D,738M,1834,1835,LAX,DCA,DCA,LAX,0700,1457,0457,1547,1825,0538,NAC,,,,,,,
Domestic,B756,75E,1085,1078,LAX,DEN,DEN,LAX,1951,2257,0206,0610,0734,0224,NAC,,,,,,,
Domestic,320/D,321F,4156,4157,LAX,DEN,DEN,LAX,1040,1346,0206,1431,1555,0224,PFT,,,,,,,
Domestic,320/D,321R,2482,2482,LAX,DFW,DFW,LAX,1250,1736,0246,1821,1937,0316,NAC,,,,,,,
Domestic,320/D,321K,1850,1881,PHL,FLL,FLL,PHL,0745,1030,0245,1115,1354,0239,NAC,,,,,,,
Domestic,320/D,321R,1928,1929,LAX,DFW,DFW,LAX,2355,0441,0246,2149,2305,0316,NAC,,0705,0847,0932,1109,0045,0045
Caribbean,320/I,F320,20,21,FLL,SJU,SJU,FLL,0735,1015,0240,1115,1415,0300,PFT,,,,,,,
Domestic,320/D,F320,4894,4895,MCI,BOS,BOS,MCI,0835,1237,0302,1322,1552,0330,PFT,,,,,,,
Domestic,320/D,F320,3572,3573,BOS,AUS,AUS,BOS,0955,1321,0426,1406,1858,0352,PFT,,,,,,,
Domestic,320/D,F320,4168,4169,PDX,ORD,ORD,PDX,1120,1703,0343,1748,2025,0437,PFT,,,,,,,
Domestic,320/D,F320,4054,4055,SFO,AUS,AUS,SFO,1145,1713,0328,1810,2010,0400,PFT,,,,,,,
Domestic,320/D,F320,3466,3467,MCI,SAN,SAN,MCI,1155,1334,0339,1419,1930,0311,PFT,,,,,,,
Domestic,320/D,F320,4394,4395,MCI,ONT,ONT,MCI,1300,1438,0338,1523,2032,0309,PFT,,,,,,,
Domestic,320/D,F320,3430,3431,FLL,LGA,LGA,FLL,1310,1558,0248,1643,1939,0256,PFT,,,,,,,
Domestic,320/D,F320,4138,4139,AUS,BOS,BOS,AUS,1330,1822,0352,1907,2233,0426,PFT,,,,,,,
Domestic,320/D,F320,3402,3403,PDX,SJC,SJC,PDX,1415,1609,0154,1654,1849,0155,PFT,,,,,,,
Domestic,320/D,F320,3118,3119,MCI,BOS,BOS,MCI,1505,1907,0302,1952,2222,0330,PFT,,,,,,,
Domestic,320/D,F320,4364,4365,SMF,SAN,SAN,SMF,1530,1713,0143,1758,1946,0148,PFT,,,,,,,
Domestic,320/D,F320,4942,4943,MCI,TPA,TPA,MCI,1545,1926,0241,2011,2208,0257,PFT,,,,,,,
Domestic,320/D,F320,4920,4921,LAS,SMF,SMF,LAS,1550,1732,0142,1817,1951,0134,PFT,,,,,,,
Domestic,320/D,F320,3552,3553,FLL,DCA,DCA,FLL,1710,1939,0229,2024,2257,0233,PFT,,,,,,,
Domestic,320/D,F320,4816,4817,LAS,SNA,SNA,LAS,1750,1914,0124,1959,2120,0121,PFT,,,,,,,
Domestic,320/D,F320,3512,3513,AUS,MSP,MSP,AUS,1755,2040,0245,2125,0015,0250,PFT,,,,,,,
Domestic,320/D,F320,4668,4669,AUS,TPA,TPA,AUS,1925,2251,0226,2336,0123,0247,PFT,,,,,,,
Domestic,320/D,F320,4056,4057,LAS,SJC,SJC,LAS,2110,2251,0141,2336,0109,0133,PFT,,,,,,,
Domestic,320/D,F320,3594,3595,MCI,MCO,MCO,MCI,2235,0219,0244,0745,0945,0300,PFT,,,,,,,
Domestic,320/D,F320,4302,4303,AUS,PHX,PHX,AUS,2250,2329,0239,2315,0335,0220,PFT,,,,,,,
Domestic,320/D,F320,3468,3469,MCO,MDW,MDW,MCO,2355,0140,0245,0625,1002,0237,PFT,,,,,,,
Domestic,320/D,321F,3534,3535,LAX,DFW,DFW,LAX,1540,2026,0246,2111,2227,0316,PFT,,,,,,,
Domestic,E145,E4X,6220,6221,LAX,EUG,EUG,LAX,1000,1216,0216,1256,1456,0200,SSX,,,,,,,
Domestic,320/D,319W,1450,1495,LAX,FCA,FCA,LAX,1230,1611,0241,1656,1832,0236,AAA,,,,,,,
Central America,737/I,738M,678,679,LAX,GUA,GUA,LAX,0020,0605,0445,0705,1119,0514,AUR,,,,,,,
Domestic,320/D,321E,2168,2197,AUS,LAS,LAS,AUS,0650,0756,0306,0850,1334,0244,NAC,,2355,0101,0610,1054,0045,0045
Domestic,320/D,321K,1725,1725,AUS,LAS,LAS,AUS,1309,1415,0306,1740,2224,0244,NAC,,2350,0056,0610,1054,0045,0045
Domestic,320/D,321R,2410,2441,AUS,LAS,LAS,AUS,1009,1115,0306,1215,1659,0244,NAC,,2355,0101,0610,1054,0045,0045
Domestic,320/D,321K,1390,1391,AUS,LAS,LAS,AUS,2129,2235,0306,2335,0419,0244,NAC,,2355,0101,0610,1054,0045,0045
Domestic,737/D,738M,1002,1007,JFK,LAS,LAS,JFK,0710,0950,0540,1050,1841,0451,NAC,,,,,,,
Domestic,737/D,738M,2948,2949,JFK,LAS,LAS,JFK,1815,2055,0540,2155,0546,0451,NAC,,1750,1904,1949,2103,0045,0045
Asia,A339,330N,800,801,LAX,HND,HND,LAX,1226,1555,1129,1725,1120,0955,NAC,,,,,,,
Domestic,320/D,319W,1372,1421,DCA,CHS,CHS,DCA,1121,1305,0144,1345,1525,0140,NAC,,1240,1424,1509,1649,0045,0045
Domestic,320/D,319W,3960,3961,MIA,CHS,CHS,MIA,2240,0026,0146,0605,0751,0146,NAC,,,,,,,
Domestic,320/D,319W,840,841,MIA,CLE,CLE,MIA,1625,1917,0252,2000,2250,0250,NAC,,,,,,,
Caribbean,320/D,319W,1096,1105,MIA,CMW,CMW,MIA,1400,1540,0140,1620,1800,0140,NAC,,,,,,,
Domestic,320/D,319W,2904,2905,MIA,CVG,CVG,MIA,2216,0055,0239,0510,0744,0234,NAC,,,,,,,
Domestic,320/D,319W,2122,2159,BOS,DCA,DCA,BOS,1400,1542,0142,1627,1802,0135,NAC,,,,,,,
Domestic,320/D,319W,2182,2217,BOS,DCA,DCA,BOS,0700,0842,0142,0930,1105,0135,NAC,,,,,,,
Domestic,320/D,319W,3926,3927,BOS,DCA,DCA,BOS,1900,2042,0142,1940,2115,0135,NAC,,,,,,,
Domestic,320/D,319W,1552,1589,JFK,DCA,DCA,JFK,1900,2024,0124,2109,2229,0120,NAC,,,,,,,
Domestic,320/D,321R,2200,2200,LGA,MCO,MCO,LGA,2107,2350,0243,0820,1053,0233,NAC,,,,,,,
Domestic,320/D,321R,1380,1380,LGA,MCO,MCO,LGA,0815,1058,0243,1200,1433,0233,NAC,,,,,,,
Domestic,320/D,321R,1536,1571,LGA,MIA,MIA,LGA,0530,0829,0259,1540,1830,0250,NAC,,,,,,,
Domestic,320/D,321R,1979,1979,LGA,MIA,MIA,LGA,1530,1829,0259,1930,2220,0250,NAC,,,,,,,
Domestic,320/D,321R,2292,2331,LGA,MIA,MIA,LGA,1231,1530,0259,0840,1130,0250,NAC,,,,,,,
Domestic,320/D,319W,204,203,LGA,DCA,DCA,LGA,0600,0724,0124,0800,0920,0120,NAC,,,,,,,
Domestic,320/D,319W,1156,1167,LGA,DCA,DCA,LGA,0800,0924,0124,1010,1130,0120,NAC,,,,,,,
Domestic,320/D,321R,1000,1005,LGA,RDU,RDU,LGA,1345,1529,0144,1620,1758,0138,NAC,,,,,,,
Domestic,320/D,A320,1638,1637,LGA,RDU,RDU,LGA,2130,2314,0144,0545,0723,0138,NAC,,,,,,,
Domestic,320/D,A320,1114,1137,LGA,TPA,TPA,LGA,0830,1121,0251,1200,1439,0239,NAC,,,,,,,
Domestic,320/D,321R,2014,2014,MCO,PHL,PHL,MCO,1020,1244,0224,1329,1600,0231,NAC,,,,,,,
Domestic,320/D,319S,1572,1607,MIA,ATL,ATL,MIA,2209,2357,0148,0505,0700,0155,NAC,,,,,,,
Domestic,320/D,319S,2126,2165,MIA,ATL,ATL,MIA,1715,1903,0148,1943,2138,0155,NAC,,,,,,,
Domestic,320/D,319W,3046,3047,LGA,DCA,DCA,LGA,1800,1924,0124,2000,2120,0120,NAC,,,,,,,
Domestic,320/D,321E,594,595,MIA,AUS,AUS,MIA,1855,2104,0309,1410,1755,0245,NAC,,,,,,,
Domestic,320/D,321E,1971,1971,MIA,AUS,AUS,MIA,2146,2355,0309,1716,2101,0245,NAC,,,,,,,
Domestic,320/D,321R,2250,2289,MIA,AUS,AUS,MIA,0600,0809,0309,0910,1255,0245,NAC,,,,,,,
Domestic,320/D,321R,2034,2035,MIA,AUS,AUS,MIA,2256,0105,0309,1550,1935,0245,NAC,,,,,,,
Domestic,320/D,319W,2306,2339,MIA,DCA,DCA,MIA,2128,2359,0231,0505,0741,0236,NAC,,,,,,,
Domestic,320/D,319S,2428,2463,MIA,BOS,BOS,MIA,1410,1718,0308,1803,2123,0320,NAC,,,,,,,
Domestic,320/D,321E,2342,2373,MIA,BOS,BOS,MIA,1230,1538,0308,1623,1943,0320,NAC,,,,,,,
Caribbean,320/I,321K,438,443,RDU,AUA,AUA,RDU,0855,1254,0359,1355,1805,0410,NAC,,,,,,,
Domestic,320/D,321K,1919,814,RDU,AUS,AUS,RDU,0900,1117,0317,1202,1554,0252,NAC,,,,,,,
Domestic,320/D,319W,1102,1109,DCA,DFW,DFW,DCA,2138,2355,0317,0515,0916,0301,NAC,,,,,,,
Domestic,320/D,319W,1652,1653,DCA,DFW,DFW,DCA,0738,0955,0317,1029,1430,0301,NAC,,,,,,,
Domestic,320/D,H205,815,1896,RDU,AUS,AUS,RDU,1240,1457,0317,1542,1934,0252,NAC,,,,,,,
Domestic,E175,E7W,3362,3363,RDU,AVL,AVL,RDU,1307,1435,0128,1505,1625,0120,EMY,,,,,,,
Domestic,320/D,319S,1006,1011,MIA,EGE,EGE,MIA,1145,1421,0436,1350,1953,0403,NAC,,,,,,,
Domestic,320/D,321E,1298,1298,MIA,EWR,EWR,MIA,2150,0039,0249,0500,0757,0257,NAC,,,,,,,
Caribbean,320/D,319S,3978,3979,MIA,HAV,HAV,MIA,1430,1555,0125,1640,1802,0122,NAC,,,,,,,
Domestic,E145,EMJ,5910,5911,RDU,AVL,AVL,RDU,2231,2355,0124,0500,0619,0119,EMY,,,,,,,
Domestic,320/D,319S,789,1335,MIA,JFK,JFK,MIA,0610,0859,0249,2101,2359,0258,NAC,,,,,,,
Domestic,320/D,321R,3168,3169,MIA,JFK,JFK,MIA,1526,1815,0249,1127,1425,0258,NAC,,,,,,,
Hawaii,320/I,321E,482,185,LAX,HNL,HNL,LAX,1400,1720,0620,2245,0700,0515,NAC,,,,,,,
Domestic,320/D,321E,996,1001,MIA,LAX,LAX,MIA,0600,0839,0539,1000,1759,0459,NAC,,,,,,,
Domestic,320/D,321R,400,403,MIA,LGA,LGA,MIA,2109,2359,0250,0700,0959,0259,NAC,,,,,,,
Domestic,320/D,319W,1582,1583,DCA,FLL,FLL,DCA,1502,1740,0238,1814,2048,0234,NAC,,,,,,,
Domestic,320/D,319W,1364,1405,DCA,MIA,MIA,DCA,2142,0015,0233,0505,0734,0229,NAC,,0635,0908,0953,1222,0045,0045
Domestic,320/D,319W,2164,2201,DCA,RDU,RDU,DCA,2231,2354,0123,0555,0716,0121,NAC,,0630,0753,0838,0959,0045,0045
Domestic,E145,EMJ,6022,6023,RDU,AVL,AVL,RDU,1100,1224,0124,1305,1424,0119,EMY,,,,,,,
Domestic,E145,EMJ,6054,6055,RDU,AVL,AVL,RDU,1750,1914,0124,1950,2109,0119,EMY,,,,,,,
Caribbean,320/I,319S,1258,1259,RDU,BDA,BDA,RDU,1015,1333,0218,1423,1559,0236,NAC,,2340,2340,0025,0025,0045,0045
Domestic,320/D,319W,1868,1869,DCA,IAH,IAH,DCA,2129,2359,0330,0555,0959,0304,NAC,,,,,,,
Domestic,320/D,319W,528,523,DCA,IAH,IAH,DCA,1035,1305,0330,1345,1749,0304,NAC,,,,,,,
Domestic,320/D,321R,586,591,MIA,ORD,ORD,MIA,1030,1229,0259,1330,1737,0307,NAC,,,,,,,
Domestic,737/D,738K,556,553,RDU,BDL,BDL,RDU,1010,1158,0148,1240,1350,0110,NAC,,,,,,,
Domestic,320/D,321N,1927,1927,AUS,PDX,PDX,AUS,1508,1730,0422,0627,1220,0353,NAC,,2350,0212,0545,1138,0045,0045
Domestic,320/D,321E,3932,3933,MIA,PHX,PHX,MIA,1400,1601,0501,1646,0005,0419,NAC,,,,,,,
Domestic,E175,E7W,4408,4409,RDU,BDL,BDL,RDU,2230,2355,0125,0555,0705,0110,RBD,,,,,,,
Domestic,E175,E7W,4454,4455,RDU,BDL,BDL,RDU,1152,1317,0125,1350,1500,0110,RBD,,,,,,,
Domestic,E190,E95,4510,4511,RDU,BDL,BDL,RDU,1810,1958,0148,2043,2238,0155,PFT,,,,,,,
Domestic,320/D,319W,1786,1773,DCA,JAX,JAX,DCA,1510,1715,0205,1755,1954,0159,NAC,,1205,1410,1455,1654,0045,0045
Domestic,320/D,321E,2957,2957,MIA,SFO,SFO,MIA,1825,2145,0620,2355,0822,0527,NAC,,,,,,,
Domestic,320/D,321R,952,957,MIA,SFO,SFO,MIA,2134,0054,0620,0600,1427,0527,NAC,,,,,,,
Domestic,320/D,321E,831,830,MIA,SLC,SLC,MIA,1935,2247,0512,2350,0623,0433,NAC,,,,,,,
Domestic,320/D,321E,3018,3019,MIA,SLC,SLC,MIA,0933,1245,0512,1330,2003,0433,NAC,,,,,,,
Domestic,320/D,319W,3828,3829,MIA,JAX,JAX,MIA,1810,1942,0132,2015,2146,0131,NAC,,,,,,,
Domestic,E175,E7W,3320,3321,RDU,BHM,BHM,RDU,2256,2355,0159,0600,0847,0147,EMY,,,,,,,
Domestic,320/D,319S,1514,1514,MIA,TPA,TPA,MIA,2005,2127,0122,2212,2331,0119,NAC,,,,,,,
Domestic,320/D,319W,1518,1553,BOS,LGA,LGA,BOS,2005,2126,0121,2211,2329,0118,NAC,,,,,,,
Domestic,E145,EMJ,3318,3319,RDU,BHM,BHM,RDU,1100,1152,0152,1332,1614,0142,EMY,,,,,,,
Caribbean,320/I,319W,3076,3077,MIA,LRM,LRM,MIA,1055,1318,0223,1420,1659,0239,NAC,,,,,,,
Canada,320/D,319S,2156,2191,MIA,YYZ,YYZ,MIA,2045,2353,0308,0600,0909,0309,NAC,,,,,,,
Hawaii,320/I,321E,486,487,LAX,HNL,HNL,LAX,2020,2340,0620,0700,1515,0515,NAC,,,,,,,
Hawaii,320/I,321E,498,186,LAX,HNL,HNL,LAX,1105,1425,0620,1525,2340,0515,NAC,,,,,,,
Domestic,737/D,738K,1594,1595,LAX,IAD,IAD,LAX,0815,1609,0454,1705,1940,0535,NAC,,,,,,,
Domestic,320/D,321K,1344,1345,PHL,MCO,MCO,PHL,0800,1031,0231,1121,1345,0224,NAC,,,,,,,
Domestic,320/D,321K,894,901,PHL,MCO,MCO,PHL,1445,1716,0231,1806,2030,0224,NAC,,,,,,,
Domestic,320/D,H319,3320,3321,PHX,ABQ,ABQ,PHX,1032,1300,0128,1350,1425,0135,NAC,,,,,,,
Domestic,320/D,321R,1926,1927,PDX,AUS,AUS,PDX,0905,1458,0353,1543,1805,0422,AUR,,,,,,,
Domestic,320/D,321R,2028,1170,SFO,SAN,SAN,SFO,1130,1309,0139,1354,1540,0146,OLD,,,,,,,
Mexico,320/D,321R,1346,1347,SFO,PVR,PVR,SFO,1155,1632,0337,1727,2027,0400,OLD,,,,,,,
Domestic,320/D,321R,919,914,BOS,AUS,AUS,BOS,1640,2006,0426,2051,0143,0352,OLD,,,,,,,
Domestic,320/D,321R,1170,2029,SFO,SAN,SAN,SFO,1825,2004,0139,2049,2235,0146,OLD,,,,,,,
Domestic,320/D,321F,4238,4239,DEN,AUS,AUS,DEN,0500,0810,0210,0915,1024,0209,PFT,,,,,,,
Caribbean,320/I,321F,18,19,MCI,PUJ,PUJ,MCI,0600,1140,0440,1240,1654,0514,PFT,,,,,,,
Domestic,320/D,321F,4804,4805,DEN,SAN,SAN,DEN,0630,0803,0233,0848,1155,0207,PFT,,,,,,,
Domestic,320/D,321F,4678,4679,AUS,ATL,ATL,AUS,0640,0943,0203,1028,1200,0232,PFT,,,,,,,
Domestic,320/D,321F,4534,4535,DEN,BNA,BNA,DEN,0640,1012,0232,1057,1241,0244,PFT,,,,,,,
Domestic,320/D,321F,4556,4557,PHX,MSP,MSP,PHX,0720,1226,0306,1311,1440,0329,PFT,,,,,,,
Domestic,320/D,321F,3900,3901,DEN,ATL,ATL,DEN,0740,1220,0240,1305,1412,0307,PFT,,,,,,,
Domestic,320/D,321F,4982,4983,DEN,PDX,PDX,DEN,0825,1015,0250,1100,1420,0220,PFT,,,,,,,
Domestic,320/D,321F,4582,4583,SFO,MSP,MSP,SFO,0850,1429,0339,1514,1727,0413,PFT,,,,,,,
Domestic,320/D,H205,944,951,LAX,IAH,IAH,LAX,0955,1509,0314,1554,1728,0334,AAA,,,,,,,
Domestic,320/D,321F,3436,3437,PDX,SFO,SFO,PDX,0940,1132,0152,1217,1409,0152,PFT,,,,,,,
Mexico,320/I,321F,22,23,DEN,CUN,CUN,DEN,1015,1502,0347,1645,1945,0400,PFT,,,,,,,
Domestic,737/D,738K,646,646,LAX,IND,IND,LAX,1753,0055,0402,0624,0756,0432,NAC,,,,,,,
Domestic,320/D,321F,4584,4585,DEN,MCI,MCI,DEN,1045,1328,0143,1413,1458,0145,PFT,,,,,,,
Mexico,320/I,321F,10,11,MSP,CUN,CUN,MSP,1045,1443,0358,1438,1843,0405,PFT,,,,,,,
Domestic,320/D,321F,4866,4867,PDX,LAX,LAX,PDX,1240,1450,0210,1535,1800,0225,PFT,,,,,,,
Domestic,320/D,321F,4842,4843,LAS,MSP,MSP,LAS,1250,1758,0308,1843,2017,0334,PFT,,,,,,,
Domestic,320/D,321F,3494,3495,DEN,STL,STL,DEN,1300,1607,0207,1705,1819,0214,PFT,,,,,,,
Domestic,320/D,321F,4066,4067,BOS,ATL,ATL,BOS,1320,1555,0235,1640,1910,0230,PFT,,,,,,,
Domestic,320/D,321F,4506,4507,MCO,LGA,LGA,MCO,1405,1638,0233,1723,2006,0243,PFT,,,,,,,
Domestic,320/D,321F,4078,4079,DEN,SMF,SMF,DEN,1425,1607,0242,1652,2003,0211,PFT,,,,,,,
Domestic,320/D,321F,3282,3283,DEN,LAS,LAS,DEN,1445,1551,0206,1636,1919,0143,PFT,,,,,,,
Domestic,320/D,321F,4696,4697,DEN,PHX,PHX,DEN,1450,1551,0201,1636,1918,0142,PFT,,,,,,,
Domestic,320/D,321F,4610,4611,DEN,LAX,LAX,DEN,1535,1659,0224,1744,2050,0206,PFT,,,,,,,
Domestic,737/D,738K,1388,1389,LAX,IND,IND,LAX,0906,1608,0402,1658,1830,0432,NAC,,,,,,,
Domestic,320/D,321F,4130,4131,PDX,LAS,LAS,PDX,1540,1752,0212,1837,2057,0220,PFT,,,,,,,
Domestic,320/D,321F,4378,4379,DEN,MSP,MSP,DEN,1600,1859,0159,2000,2102,0202,PFT,,,,,,,
Domestic,320/D,321F,4192,4193,DEN,PHX,PHX,DEN,1625,1726,0201,1811,2053,0142,PFT,,,,,,,
Domestic,320/D,321F,4438,4439,LAS,SFO,SFO,LAS,1655,1839,0144,1924,2059,0135,PFT,,,,,,,
Domestic,320/D,321F,4794,4795,MCO,CVG,CVG,MCO,1705,1922,0217,2007,2220,0213,PFT,,,,,,,
Domestic,320/D,321F,4296,4297,LAS,ONT,ONT,LAS,1720,1842,0122,1927,2046,0119,PFT,,,,,,,
Domestic,320/D,321F,4382,4383,DEN,MCI,MCI,DEN,1755,2038,0143,2123,2208,0145,PFT,,,,,,,
Domestic,320/D,321F,4504,4505,DEN,PHX,PHX,DEN,1815,1916,0201,2001,2243,0142,PFT,,,,,,,
Domestic,320/D,321F,4846,4847,AUS,DEN,DEN,AUS,1920,2029,0209,2114,0024,0210,PFT,,,,,,,
Mexico,320/I,321F,8,9,MCI,CUN,CUN,MCI,1955,2312,0317,2307,0234,0327,PFT,,,,,,,
Domestic,320/D,321F,3590,3591,DEN,AUS,AUS,DEN,2030,2340,0210,0630,0739,0209,PFT,,,,,,,
Domestic,320/D,321F,4634,4635,DEN,LAS,LAS,DEN,2110,2216,0206,2301,0144,0143,PFT,,,,,,,
Domestic,320/D,321F,4892,4893,PHX,DEN,DEN,PHX,2115,2357,0142,0500,0601,0201,PFT,,,,,,,
Domestic,320/D,321F,3490,3491,DEN,STL,STL,DEN,2135,0042,0207,0515,0629,0214,PFT,,,,,,,
Caribbean,320/I,321F,12,13,MCO,SJU,SJU,MCO,2200,0056,0256,0100,0417,0317,PFT,,,,,,,
Domestic,320/D,319W,1588,1619,LAX,JAC,JAC,LAX,1330,1643,0213,1728,1841,0213,AUR,,,,,,,
Domestic,320/D,321F,3456,3457,PHX,DFW,DFW,PHX,2235,0243,0208,0530,0609,0239,PFT,,,,,,,
Domestic,320/D,321F,4838,4839,DEN,BNA,BNA,DEN,2355,0327,0232,0725,0909,0244,PFT,,,,,,,
Domestic,320/D,321F,3192,3193,JFK,MCO,MCO,JFK,2355,0237,0242,0725,0957,0232,PFT,,,,,,,
Hawaii,320/I,321L,66,67,HNL,LGB,LGB,HNL,0555,1422,0527,1512,1835,0623,AAH,,,,,,,
Hawaii,320/I,321L,16,17,OGG,LAX,LAX,OGG,0615,1422,0507,1512,1823,0611,AAH,,,,,,,
Hawaii,320/I,321L,402,403,HNL,SJC,SJC,HNL,0625,1437,0512,1527,1829,0602,AAH,,,,,,,
Hawaii,320/I,321L,38,39,OAK,KOA,KOA,OAK,0710,1005,0555,1055,1903,0508,AAH,,,,,,,
Hawaii,320/I,321L,408,409,OGG,OAK,OAK,OGG,0740,1544,0504,1634,1926,0552,AAH,,,,,,,
Hawaii,320/I,321L,442,443,HNL,SEA,SEA,HNL,0815,1700,0545,1750,2122,0632,AAH,,,,,,,
Hawaii,320/I,321L,14,15,OGG,SFO,SFO,OGG,0815,1618,0503,1708,1959,0551,AAH,,,,,,,
Hawaii,320/I,321L,74,75,SEA,KOA,KOA,SEA,0845,1217,0632,1307,2153,0546,AAH,,,,,,,
Hawaii,320/I,321L,480,481,OGG,PDX,PDX,OGG,0900,1731,0531,1821,2138,0617,AAH,,,,,,,
Hawaii,320/I,321L,52,53,PDX,KOA,KOA,PDX,0910,1232,0622,1322,2159,0537,AAH,,,,,,,
Hawaii,320/I,321L,22,23,OGG,SFO,SFO,OGG,0935,1738,0503,1828,2119,0551,AAH,,,,,,,
Hawaii,320/I,321L,54,55,SJC,KOA,KOA,SJC,1005,1301,0556,1351,2159,0508,AAH,,,,,,,
Hawaii,320/I,321L,18,19,OGG,SJC,SJC,OGG,1010,1815,0505,1905,2158,0553,AAH,,,,,,,
Alaska,320/D,321L,440,441,HNL,ANC,ANC,HNL,1230,2038,0608,0343,0800,0617,AAH,,,,,,,
Hawaii,320/I,321L,416,417,HNL,DEN,DEN,HNL,1245,2329,0644,0354,0800,0806,AAH,,,,,,,
Hawaii,320/I,321L,56,57,OGG,SMF,SMF,OGG,1349,2200,0511,0625,0924,0559,AAH,,,,,,,
Hawaii,320/I,321L,802,803,OGG,LAS,LAS,OGG,1450,2332,0542,0420,0800,0640,AAH,,,,,,,
Hawaii,320/I,321L,6,7,HNL,OAK,OAK,HNL,1600,0011,0511,0625,0925,0600,AAH,,,,,,,
Hawaii,320/I,321L,478,479,SAN,LIH,LIH,SAN,1715,2052,0637,2142,0621,0539,AAH,,,,,,,
Hawaii,320/I,321L,60,61,PDX,LIH,LIH,PDX,1750,2118,0628,2208,0646,0538,AAH,,,,,,,
Pacific,320/I,321L,494,495,HNL,RAR,RAR,HNL,2025,0256,0631,0426,1054,0628,AAH,,,,,,,
Domestic,320/D,321L,1088,1089,SFO,SAN,SAN,SFO,2210,2349,0139,0714,0900,0146,AAH,,,,,,,
Domestic,320/D,321L,1962,437,SFO,SEA,SEA,SFO,2220,0026,0206,0520,0726,0206,AAH,,,,,,,
Hawaii,320/I,321L,58,59,OGG,SAN,SAN,OGG,2336,0800,0524,0525,0844,0619,AAH,,,,,,,
Domestic,320/D,321E,206,205,PDX,JFK,JFK,PDX,0720,1532,0512,1617,1921,0604,AUR,,,,,,,
Alaska,320/D,321E,510,511,PHX,ANC,ANC,PHX,1410,1911,0601,2359,0625,0526,NAC,,,,,,,
Domestic,320/D,321K,916,921,PHX,ATL,ATL,PHX,0840,1505,0325,1820,1827,0307,NAC,,,,,,,
Domestic,320/D,H205,3206,3207,PHX,AUS,AUS,PHX,2100,0120,0220,0540,0619,0239,NAC,,,,,,,
Domestic,320/D,H319,2980,2981,PHX,BOI,BOI,PHX,1530,1845,0215,1930,2040,0210,NAC,,,,,,,
Domestic,320/D,321E,118,119,PHX,BOS,BOS,PHX,1655,0052,0457,0505,0752,0547,NAC,,,,,,,
Domestic,320/D,321E,2336,2367,PHX,BOS,BOS,PHX,2215,0612,0457,1815,2102,0547,NAC,,,,,,,
Domestic,320/D,H319,2238,2238,PHX,BUR,BUR,PHX,2005,2145,0140,0745,0916,0131,NAC,,2355,0317,0620,0758,0045,0045
Domestic,320/D,H205,3462,3463,PHX,CLE,CLE,PHX,1720,0015,0355,0640,0813,0433,NAC,,,,,,,
Domestic,737/D,738K,1472,1515,PHX,DEN,DEN,PHX,1900,2142,0142,0829,0930,0201,NAC,,0620,0902,0947,1048,0045,0045
Domestic,320/D,321R,2192,2225,PHX,DFW,DFW,PHX,1535,1943,0208,2028,2107,0239,NAC,,,,,,,
Domestic,E145,ERD,,,RDU,BKW,BKW,RDU,,,0121,,,0118,RVF,,2350,0111,0620,0738,0045,0045
Domestic,320/D,H205,1628,1629,PHX,GEG,GEG,PHX,2105,2353,0248,0520,0802,0242,NAC,,0750,1038,1123,1405,0045,0045
Domestic,320/D,H319,670,673,PHX,GEG,GEG,PHX,0950,1238,0248,1323,1605,0242,NAC,,,,,,,
Domestic,320/D,H319,250,249,PHX,IAH,IAH,PHX,1815,2250,0235,0815,0912,0257,NAC,,,,,,,
Domestic,320/D,H319,2400,2435,PHX,IAH,IAH,PHX,1002,1437,0235,1517,1614,0257,NAC,,,,,,,
Domestic,320/D,H205,1486,1487,PHX,JAX,JAX,PHX,1600,2259,0359,0722,0901,0439,NAC,,,,,,,
Domestic,320/D,321T,192,191,LAX,JFK,JFK,LAX,1045,1900,0515,0620,0920,0600,NAC,,1830,1830,1915,2036,0045,0045
Domestic,320/D,321E,714,715,MIA,LAS,LAS,MIA,0720,0947,0527,1032,1814,0442,NAC,,,,,,,
Domestic,737/D,738K,1846,1851,MIA,LAS,LAS,MIA,1445,1712,0527,0605,1347,0442,NAC,,,,,,,
Domestic,320/D,321E,450,455,PHX,LAX,LAX,PHX,0910,1039,0129,2315,0045,0130,NAC,,,,,,,
Domestic,320/D,321R,1396,1396,PHX,LAX,LAX,PHX,0545,0714,0129,1750,1920,0130,NAC,,,,,,,
Domestic,320/D,H205,3848,3849,PHX,LAX,LAX,PHX,1150,1319,0129,1404,1534,0130,NAC,,,,,,,
Domestic,320/D,H205,2488,2488,PHX,MCI,MCI,PHX,0625,1127,0302,1212,1343,0331,NAC,,,,,,,
Domestic,320/D,321E,1426,1469,PHX,MCO,MCO,PHX,0019,0725,0406,0825,1011,0446,NAC,,,,,,,
Domestic,320/D,321E,502,503,PHX,MCO,MCO,PHX,0905,1611,0406,1700,1846,0446,NAC,,,,,,,
Mexico,737/D,738K,1308,1337,AUS,MEX,MEX,AUS,2155,2310,0215,0405,0718,0213,NAC,,,,,,,
Domestic,320/D,H319,1970,1993,PHX,MKE,MKE,PHX,1015,1540,0325,1620,1815,0355,NAC,,,,,,,
Domestic,320/D,H319,2935,2935,PHX,MRY,MRY,PHX,2250,0055,0205,0600,0753,0153,NAC,,,,,,,
Domestic,320/D,H205,2148,2187,PHX,MSP,MSP,PHX,0910,1416,0306,1501,1630,0329,NAC,,,,,,,
Domestic,737/D,738M,1042,1051,AUS,ONT,ONT,AUS,2220,2341,0321,0555,1050,0255,NAC,,,,,,,
Domestic,320/D,321K,3268,3268,AUS,ONT,ONT,AUS,0804,0925,0321,1020,1515,0255,NAC,,2355,0116,0655,1150,0045,0045
Domestic,320/D,321K,3048,3048,AUS,ONT,ONT,AUS,1726,1847,0321,0700,1155,0255,NAC,,2350,0111,0655,0855,0045,0045
Domestic,320/D,321R,3086,3087,PHX,ONT,ONT,PHX,2224,2359,0135,0600,0728,0128,NAC,,,,,,,
Domestic,320/D,321R,1492,1493,AUS,PDX,PDX,AUS,2047,2309,0422,0518,1111,0353,NAC,,0620,0842,0927,1520,0045,0045
Domestic,320/D,321K,1065,1064,AUS,PDX,PDX,AUS,0832,1054,0422,1140,1733,0353,NAC,,0620,0842,0927,1520,0045,0045
Domestic,320/D,H205,1336,1351,PHX,PSP,PSP,PHX,1720,1849,0129,1929,2052,0123,NAC,,,,,,,
Mexico,320/D,H205,3230,3231,PHX,PVR,PVR,PHX,1135,1510,0235,1610,1754,0244,NAC,,1735,1927,2012,2344,0045,0045
Domestic,320/D,321K,298,299,PHX,RDU,RDU,PHX,1830,0141,0411,0505,0658,0453,NAC,,,,,,,
Domestic,320/D,H205,2033,2033,PHX,RNO,RNO,PHX,2240,0043,0203,0601,0755,0154,NAC,,,,,,,
Domestic,320/D,H205,1267,1267,PHX,RNO,RNO,PHX,1006,1209,0203,1250,1444,0154,NAC,,,,,,,
Domestic,320/D,H205,1360,1360,PHX,RNO,RNO,PHX,1012,1215,0203,1255,1449,0154,NAC,,,,,,,
Domestic,737/D,738M,1356,1373,MIA,SAN,SAN,MIA,1047,1328,0541,1408,2200,0452,NAC,,,,,,,
Domestic,737/D,738K,3300,3300,MIA,SAN,SAN,MIA,1835,2116,0541,2215,0607,0452,NAC,,,,,,,
Domestic,320/D,H319,1190,1201,PHX,SAT,SAT,PHX,1010,1428,0218,1513,1548,0235,NAC,,,,,,,
Domestic,320/D,H319,3296,3297,PHX,SBA,SBA,PHX,2305,0054,0149,0535,0714,0139,NAC,,,,,,,
Domestic,320/D,H319,1886,1913,PHX,SBA,SBA,PHX,1050,1239,0149,1320,1459,0139,NAC,,,,,,,
Domestic,320/D,321E,1422,1467,AUS,SEA,SEA,AUS,1652,1920,0428,0740,1340,0400,NAC,,0620,0420,0505,0705,0045,0045
Domestic,320/D,H205,1584,1615,PHX,SEA,SEA,PHX,1115,1416,0301,1501,1750,0249,NAC,,,,,,,
Domestic,320/D,H319,1630,1651,PHX,SEA,SEA,PHX,2014,2315,0301,0600,0849,0249,NAC,,,,,,,
Domestic,320/D,321R,2172,2209,PHX,SFO,SFO,PHX,0635,0846,0211,0931,1129,0158,NAC,,,,,,,
Domestic,320/D,321R,2032,577,PHX,SFO,SFO,PHX,0710,0921,0211,1006,1204,0158,NAC,,,,,,,
Domestic,320/D,321R,618,619,PHX,SFO,SFO,PHX,1620,1831,0211,1920,2118,0158,NAC,,,,,,,
Domestic,320/D,H319,3240,3241,PHX,SJC,SJC,PHX,1510,1718,0208,1803,1958,0155,NAC,,,,,,,
Domestic,320/D,H205,454,454,PHX,SLC,SLC,PHX,2109,2357,0148,0600,0648,0148,NAC,,,,,,,
Domestic,320/D,H205,3906,3907,PHX,SLC,SLC,PHX,1155,1443,0148,1520,1608,0148,NAC,,,,,,,
Domestic,320/D,321R,2222,2222,PHX,SMF,SMF,PHX,1655,1905,0210,1955,2153,0158,NAC,,,,,,,
Domestic,320/D,321E,546,551,PHX,SNA,SNA,PHX,2023,2200,0137,0700,0829,0129,NAC,,,,,,,
Domestic,320/D,321E,1392,1431,PHX,SNA,SNA,PHX,0835,1012,0137,1110,1239,0129,NAC,,,,,,,
Domestic,320/D,321K,776,779,PHX,TPA,TPA,PHX,0849,1548,0359,1645,1823,0438,NAC,,,,,,,
Domestic,320/D,H319,805,805,PHX,TUL,TUL,PHX,2032,0059,0227,0805,0853,0248,NAC,,,,,,,
Domestic,320/D,321E,132,133,PDX,DCA,DCA,PDX,1045,1846,0501,1931,2221,0550,AUR,,,,,,,
Mexico,320/I,321E,694,695,SFO,CUN,CUN,SFO,1050,1758,0508,1753,2147,0554,OLD,,,,,,,
Domestic,320/D,321E,1120,1121,SFO,SAN,SAN,SFO,1130,1309,0139,1354,1540,0146,OLD,,,,,,,
Domestic,320/D,321E,288,289,PDX,EWR,EWR,PDX,1200,2010,0510,2055,2356,0601,AUR,,,,,,,
Domestic,320/D,321E,1132,1133,SFO,EWR,EWR,SFO,1200,2026,0526,2111,0033,0622,OLD,,,,,,,
Domestic,320/D,321E,1116,1603,SFO,BOS,BOS,SFO,1325,2206,0541,2251,0231,0640,OLD,,,,,,,
Domestic,320/D,321E,384,389,PDX,JFK,JFK,PDX,1330,2142,0512,2227,0131,0604,AUR,,,,,,,
Domestic,320/D,321E,42,43,PDX,BOS,BOS,PDX,1430,2252,0522,2337,0252,0615,AUR,,,,,,,
Domestic,320/D,321E,620,621,SFO,MIA,MIA,SFO,1430,2257,0527,2342,0302,0620,OLD,,,,,,,
Mexico,320/I,321E,2448,2449,PDX,CUN,CUN,PDX,1500,2235,0535,2230,0248,0618,AUR,,,,,,,
Domestic,320/D,321E,1186,969,SFO,BOS,BOS,SFO,1530,0011,0541,0720,1100,0640,OLD,,,,,,,
Domestic,320/D,321E,1038,1039,SFO,DCA,DCA,SFO,1620,0032,0512,0825,1130,0605,OLD,,,,,,,
Domestic,E145,ERD,,,RDU,BKW,BKW,RDU,,,0121,,,0118,RVF,,,,,,,
Domestic,320/D,321E,1072,1073,PDX,MCO,MCO,PDX,1735,0157,0522,0710,1019,0609,AUR,,,,,,,
Domestic,320/D,321E,1736,1767,SFO,MCO,MCO,SFO,1840,0251,0511,0705,1008,0603,OLD,,,,,,,
Domestic,320/D,321E,2145,2144,SFO,PDX,PDX,SFO,2010,2202,0152,2247,0039,0152,OLD,,,,,,,
Domestic,320/D,321E,1860,2013,SFO,SEA,SEA,SFO,2305,0111,0206,0520,0726,0206,OLD,,,,,,,
Domestic,320/D,321R,2370,2395,DEN,FLL,FLL,DEN,0620,1208,0348,1253,1502,0409,OLD,,,,,,,
Domestic,320/D,321R,1156,1167,BOS,FLL,FLL,BOS,0720,1037,0317,1122,1427,0305,OLD,,,,,,,
Domestic,320/D,321R,152,153,BOS,SEA,SEA,BOS,0725,1034,0609,1119,1936,0517,AAA,,,,,,,
Caribbean,320/I,321R,254,253,BOS,MBJ,MBJ,BOS,0900,1209,0409,1310,1810,0400,OLD,,,,,,,
Domestic,320/D,321R,1279,1278,BOS,AUS,AUS,BOS,0920,1246,0426,1331,1823,0352,OLD,,,,,,,
Domestic,737/D,738K,1474,1517,AUS,TUS,TUS,AUS,1155,1225,0230,1305,1718,0213,NAC,,2355,0025,0645,1058,0045,0045
Domestic,737/D,738K,1262,1299,AUS,TUS,TUS,AUS,1448,1518,0230,1558,2011,0213,NAC,,2350,0020,0645,1058,0045,0045
Domestic,737/D,738K,1762,1797,AUS,TUS,TUS,AUS,2325,2355,0230,0500,0913,0213,NAC,,2350,0020,0645,1058,0045,0045
Domestic,320/D,H205,536,536,PHX,TUS,TUS,PHX,1601,1715,0114,1755,1910,0115,NAC,,,,,,,
Domestic,320/D,H319,1940,1940,PHX,TUS,TUS,PHX,1951,2105,0114,0715,0830,0115,NAC,,,,,,,
Domestic,320/D,H319,3087,3087,PHX,TUS,TUS,PHX,1141,1255,0114,1335,1450,0115,NAC,,2350,0134,0620,0756,0045,0045
Domestic,737/D,738K,1429,1429,RDU,BNA,BNA,RDU,2217,2305,0148,0515,0753,0138,NAC,,,,,,,
Domestic,320/D,321T,120,121,LAX,JFK,JFK,LAX,0700,1515,0515,1615,1915,0600,NAC,,,,,,,
Domestic,737/D,738K,3080,3081,RDU,BNA,BNA,RDU,1122,1210,0148,1300,1538,0138,NAC,,,,,,,
Domestic,E175,E7S,4478,4479,RDU,BNA,BNA,RDU,2311,2359,0148,0600,0838,0138,RBD,,,,,,,
Domestic,E175,E7S,4468,4469,RDU,BNA,BNA,RDU,0816,0904,0148,0940,1218,0138,RBD,,,,,,,
Domestic,320/D,319W,1540,1579,DCA,MCO,MCO,DCA,0800,1005,0205,1746,1945,0159,NAC,,1205,1410,1455,1654,0045,0045
Domestic,320/D,319W,2212,2243,MIA,MCO,MCO,MIA,2239,2359,0120,0600,0719,0119,NAC,,0705,0824,0909,1031,0045,0045
Domestic,320/D,321R,470,475,BOS,DEN,DEN,BOS,0935,1157,0422,1242,1835,0353,OLD,,,,,,,
Domestic,E175,E7S,4116,4117,RDU,BNA,BNA,RDU,1115,1203,0148,1343,1621,0138,RBD,,,,,,,
Mexico,320/I,321R,1280,1281,AUS,CUN,CUN,AUS,0720,0947,0227,1015,1257,0242,NAC,,0620,0847,0942,1224,0055,0055
Mexico,320/I,321R,1036,1045,AUS,CUN,CUN,AUS,1020,1247,0227,1345,1627,0242,NAC,,1520,1747,1842,2124,0055,0055
Mexico,737/I,738K,812,813,AUS,CUN,CUN,AUS,1306,1533,0227,1623,1905,0242,NAC,,0620,0847,0942,1224,0055,0055
Mexico,320/I,321R,2984,2985,AUS,CUN,CUN,AUS,1733,2000,0227,0800,1042,0242,NAC,,2310,0137,0555,0837,0055,0055
Mexico,737/I,738K,2452,2481,BNA,CUN,CUN,BNA,0800,1047,0247,1145,1431,0246,NAC,,,,,,,
Domestic,E175,E7S,4124,4125,RDU,BNA,BNA,RDU,1350,1438,0148,1618,1856,0138,RBD,,,,,,,
Domestic,320/D,A320,918,923,RDU,BOS,BOS,RDU,1050,1245,0155,1330,1535,0205,NAC,,,,,,,
Domestic,737/D,738R,4002,4003,RDU,BOS,BOS,RDU,2110,2305,0155,2350,0155,0205,PFT,,,,,,,
Domestic,737/D,738R,4854,4855,RDU,BOS,BOS,RDU,2340,0135,0155,0615,0820,0205,PFT,,,,,,,
Domestic,320/D,319W,3886,3887,MIA,MCO,MCO,MIA,1410,1530,0120,1615,1734,0119,NAC,,,,,,,
Domestic,E175,E7W,4410,4411,RDU,BOS,BOS,RDU,0815,0930,0115,1005,1115,0110,RBD,,,,,,,
,,,,,,,,,,,,,,,,,,,,,,
Domestic,E190,E95,4200,4201,RDU,BTV,BTV,RDU,1215,1421,0206,1506,1719,0213,PFT,,,,,,,
Mexico,737/D,738K,907,907,AUS,MEX,MEX,AUS,1335,1450,0215,1550,1903,0213,NAC,,,,,,,
Mexico,320/I,319W,1586,1586,AUS,MEX,MEX,AUS,1500,1615,0215,1715,2028,0213,NAC,,0620,0735,0830,1143,0055,0055
Mexico,737/D,738K,424,425,AUS,MEX,MEX,AUS,1005,1120,0215,1220,1533,0213,NAC,,0620,0735,0830,1143,0055,0055
Domestic,320/D,319W,3934,3935,RDU,BUF,BUF,RDU,0935,1121,0146,1206,1352,0146,NAC,,,,,,,
Domestic,E175,E7W,4414,4415,RDU,BUF,BUF,RDU,2330,0100,0130,0500,0640,0140,RBD,,,,,,,
Domestic,737/D,738K,1942,1947,AUS,DTW,DTW,AUS,1945,2338,0253,0644,0855,0311,NAC,,1520,1913,1958,2209,0045,0045
Domestic,320/D,319W,1468,1507,RDU,BWI,BWI,RDU,1730,1853,0123,1938,2104,0126,NAC,,,,,,,
Domestic,320/D,321K,2132,2132,RDU,BWI,BWI,RDU,1155,1318,0123,1420,1546,0126,NAC,,,,,,,
Domestic,320/D,321K,1496,1496,RDU,BWI,BWI,RDU,2124,2247,0123,0600,0726,0126,NAC,,,,,,,
Domestic,737/D,738K,2412,2412,RDU,BWI,BWI,RDU,0943,1106,0123,1151,1317,0126,NAC,,,,,,,
Domestic,320/D,319W,1914,1915,DCA,MSP,MSP,DCA,2207,2359,0252,0545,0917,0232,NAC,,,,,,,
Domestic,737/D,738M,460,463,RDU,BZN,BZN,RDU,0905,1143,0438,1240,1842,0402,NAC,,,,,,,
Domestic,E145,EMJ,6070,6071,RDU,CAE,CAE,RDU,2234,2355,0121,0545,0703,0118,EMY,,,,,,,
Domestic,320/D,319W,1960,1965,DCA,MSP,MSP,DCA,1430,1622,0252,1659,2031,0232,NAC,,,,,,,
Domestic,320/D,319W,1778,1813,MIA,MSP,MSP,MIA,1015,1304,0349,1350,1823,0333,NAC,,,,,,,
Domestic,E145,EMJ,6140,6141,RDU,CAE,CAE,RDU,0919,1040,0121,1112,1230,0118,EMY,,,,,,,
Domestic,E145,EMJ,6132,6133,RDU,CAE,CAE,RDU,1305,1426,0121,1500,1618,0118,EMY,,,,,,,
Domestic,320/D,319W,1140,1155,DCA,MSY,MSY,DCA,1755,1900,0205,2045,2355,0210,NAC,,,,,,,
Domestic,320/D,319W,2310,2310,MIA,MSY,MSY,MIA,1900,2014,0214,0844,1145,0201,NAC,,,,,,,
Domestic,E145,EMJ,6124,6125,RDU,CHA,CHA,RDU,2055,2234,0139,0700,0831,0131,EMY,,,,,,,
Domestic,E145,EMJ,6004,6005,RDU,CHA,CHA,RDU,1410,1549,0139,1620,1751,0131,EMY,,,,,,,
Caribbean,320/D,319W,1976,1977,DCA,NAS,NAS,DCA,1320,1602,0242,1645,1927,0242,NAC,,,,,,,
Domestic,320/D,321K,1471,1470,RDU,CHS,CHS,RDU,0755,0917,0122,1007,1128,0121,NAC,,,,,,,
Caribbean,320/D,319W,2079,2079,MIA,NAS,NAS,MIA,0630,0748,0118,0828,0950,0122,NAC,,,,,,,
Domestic,320/D,321K,2295,2295,RDU,CHS,CHS,RDU,1722,1844,0122,1944,2105,0121,NAC,,,,,,,
Domestic,737/D,A320,2210,2241,RDU,CHS,CHS,RDU,2214,2359,0145,0500,0654,0154,NAC,,,,,,,
Domestic,E175,E7W,4466,4467,RDU,CHS,CHS,RDU,1850,2012,0122,2255,0016,0121,RBD,,,,,,,
Caribbean,320/D,319W,876,875,MIA,NAS,NAS,MIA,1110,1228,0118,1308,1430,0122,NAC,,,,,,,
Domestic,E175,E7W,4416,4417,RDU,CHS,CHS,RDU,0905,1050,0145,0011,0134,0123,RBD,,,,,,,
Domestic,E175,E7W,4464,4465,RDU,CHS,CHS,RDU,0700,0822,0122,0857,1018,0121,RBD,,,,,,,
Domestic,E175,E7W,4112,4113,RDU,CHS,CHS,RDU,1320,1442,0122,1522,1643,0121,RBD,,,,,,,
Domestic,E175,E7W,4114,4115,RDU,CHS,CHS,RDU,1450,1612,0122,1652,1813,0121,RBD,,,,,,,
Domestic,E145,EMJ,6114,6115,RDU,CHS,CHS,RDU,0705,0827,0122,0900,1021,0121,EMY,,,,,,,
Domestic,320/D,A320,2988,2989,RDU,CLE,CLE,RDU,2000,2141,0141,0800,0937,0137,NAC,,,,,,,
Caribbean,320/D,319W,2492,2492,MIA,NAS,NAS,MIA,1435,1553,0118,1645,1807,0122,NAC,,,,,,,
Domestic,320/D,A320,2104,2143,RDU,CLE,CLE,RDU,1220,1401,0141,1446,1623,0137,NAC,,,,,,,
Domestic,737/D,738M,2392,2392,MIA,LAS,LAS,MIA,1738,2005,0527,2223,0605,0442,NAC,,,,,,,
Domestic,320/D,H319,1618,1613,PHX,LAS,LAS,PHX,0600,0727,0127,0815,0938,0123,NAC,,,,,,,
Domestic,320/D,319W,2986,2987,LGA,ORD,ORD,LGA,1850,2001,0211,2055,0007,0212,NAC,,,,,,,
Domestic,737/D,738K,1032,1033,RDU,CLT,CLT,RDU,2238,2355,0117,0555,0710,0115,NAC,,,,,,,
Domestic,320/D,319W,1968,1969,LGA,ORD,ORD,LGA,1250,1401,0211,1445,1757,0212,NAC,,,,,,,
Domestic,737/D,738K,1712,1711,RDU,CLT,CLT,RDU,1248,1405,0117,1445,1600,0115,NAC,,,,,,,
Domestic,320/D,321K,1904,1903,RDU,CLT,CLT,RDU,0805,0922,0117,1002,1117,0115,NAC,,,,,,,
Domestic,320/D,321K,2010,2010,RDU,CLT,CLT,RDU,1628,1745,0117,1835,1950,0115,NAC,,,,,,,
Domestic,E175,E7S,4338,4339,RDU,CMH,CMH,RDU,1045,1222,0137,1302,1434,0132,RBD,,,,,,,
Domestic,E175,E7W,4418,4419,RDU,CMH,CMH,RDU,2210,2335,0125,0600,0725,0125,RBD,,,,,,,
Domestic,E190,E95,4724,4725,RDU,CMH,CMH,RDU,1520,1657,0137,1742,1914,0132,PFT,,,,,,,
Domestic,E175,E7S,4434,4435,RDU,CRW,CRW,RDU,1755,1920,0125,2000,2125,0125,RBD,,,,,,,
Domestic,320/D,321R,973,964,BOS,DEN,DEN,BOS,1025,1247,0422,1332,1925,0353,OLD,,,,,,,
Domestic,320/D,321R,1713,1688,BOS,DEN,DEN,BOS,1100,1322,0422,1407,2000,0353,OLD,,,,,,,
Domestic,320/D,321R,578,583,BOS,FLL,FLL,BOS,1415,1732,0317,1817,2122,0305,OLD,,,,,,,
Caribbean,320/I,321R,4698,4699,JFK,SJU,SJU,JFK,1610,1957,0347,2100,0057,0357,PFT,,,,,,,
Domestic,320/D,321R,2244,2285,BOS,MCO,MCO,BOS,1705,2010,0305,2055,2346,0251,AAA,,,,,,,
Domestic,320/D,321R,758,759,SFO,LAS,LAS,SFO,1935,2110,0135,2155,2339,0144,OLD,,,,,,,
Domestic,320/D,321R,4798,4799,LAS,OAK,OAK,LAS,2140,2324,0144,0009,0144,0135,PFT,,,,,,,
Domestic,320/D,321T,45,46,BOS,SFO,SFO,BOS,0830,1210,0640,1255,2136,0541,AAA,,,,,,,
Domestic,E145,EMJ,5848,5849,RDU,CRW,CRW,RDU,2234,2359,0125,0600,0721,0121,EMY,,,,,,,
Domestic,320/D,319W,3180,3181,MIA,ORF,ORF,MIA,1500,1718,0218,1758,2021,0223,NAC,,,,,,,
Domestic,E145,EMJ,6102,6103,RDU,CRW,CRW,RDU,1158,1350,0152,1420,1604,0144,EMY,,,,,,,
Domestic,E145,EMJ,6050,6051,RDU,CRW,CRW,RDU,0900,1025,0125,1530,1651,0121,EMY,,,,,,,
Mexico,320/I,321K,284,285,RDU,CUN,CUN,RDU,0905,1110,0305,1210,1604,0254,NAC,,,,,,,
Domestic,320/D,319W,2458,2487,AUS,PHL,PHL,AUS,1948,0010,0322,0605,0856,0351,NAC,,,,,,,
Mexico,320/I,321K,1816,1849,RDU,CUN,CUN,RDU,1105,1335,0330,1430,1900,0330,NAC,,,,,,,
Domestic,E175,E7W,3476,3477,AUS,MEM,MEM,AUS,1725,1915,0150,1955,2155,0200,EMY,,,,,,,
Mexico,320/I,321K,2176,2213,RDU,CUN,CUN,RDU,1350,1620,0330,1720,2150,0330,NAC,,,,,,,
Mexico,E190,E95,6,7,RDU,CUN,CUN,RDU,1510,1715,0305,1710,2104,0254,PFT,,,,,,,
Domestic,320/D,319W,1654,1655,AUS,PHL,PHL,AUS,1605,2027,0322,0830,1121,0351,NAC,,,,,,,
Domestic,320/D,A320,1236,1237,RDU,CVG,CVG,RDU,2211,2352,0141,0510,0644,0134,NAC,,,,,,,
Domestic,320/D,A320,3824,3825,RDU,CVG,CVG,RDU,1134,1315,0141,1400,1534,0134,NAC,,,,,,,
Domestic,E175,E7W,4420,4421,RDU,CVG,CVG,RDU,2040,2225,0145,0900,1030,0130,RBD,,,,,,,
Domestic,E190,E95,3400,3401,RDU,DAB,DAB,RDU,1740,1927,0147,2012,2156,0144,PFT,,,,,,,
Domestic,320/D,319W,3248,3249,RDU,DCA,DCA,RDU,1105,1226,0121,1311,1434,0123,NAC,,,,,,,
Domestic,320/D,321T,67,68,BOS,LAS,LAS,BOS,1905,2203,0558,2248,0654,0506,OLD,,,,,,,
Domestic,320/D,321T,194,193,JFK,SAN,SAN,JFK,1930,2237,0607,2322,0735,0513,OLD,,,,,,,
Domestic,320/D,321T,969,1186,BOS,SFO,SFO,BOS,1955,2335,0640,0020,0901,0541,AAA,,,,,,,
Hawaii,320/I,321E,496,495,LAX,KOA,KOA,LAX,1915,2228,0613,2318,0728,0510,NAC,,,,,,,
Domestic,320/D,F321,4172,4173,SFO,ORD,ORD,SFO,0600,1155,0355,1240,1533,0453,PFT,,,,,,,
Domestic,320/D,F321,3584,3585,DEN,BOS,BOS,DEN,0605,1158,0353,1310,1532,0422,PFT,,,,,,,
Domestic,320/D,F321,4736,4737,DEN,PHL,PHL,DEN,0610,1141,0331,1226,1422,0356,PFT,,,,,,,
Domestic,320/D,F321,4284,4285,LAS,BOS,BOS,LAS,0615,1421,0506,1506,1804,0558,PFT,,,,,,,
Domestic,320/D,F321,3506,3507,SFO,LAS,LAS,SFO,0625,0800,0135,0845,1029,0144,PFT,,,,,,,
Domestic,320/D,F321,4656,4657,DEN,JFK,JFK,DEN,0700,1239,0339,1324,1529,0405,PFT,,,,,,,
Domestic,320/D,F321,4492,4493,DEN,MCO,MCO,DEN,0720,1251,0331,1336,1526,0350,PFT,,,,,,,
Domestic,320/D,F321,4188,4189,DEN,MCO,MCO,DEN,0750,1321,0331,1406,1556,0350,PFT,,,,,,,
Domestic,320/D,F321,3504,3505,ATL,SFO,SFO,ATL,0805,1029,0524,1114,1840,0426,PFT,,,,,,,
Mexico,320/I,F321,16,17,DEN,CUN,CUN,DEN,0830,1317,0347,1430,1730,0400,PFT,,,,,,,
Mexico,320/I,F321,14,15,STL,CUN,CUN,STL,0835,1142,0307,1137,1449,0312,PFT,,,,,,,
Caribbean,320/I,F321,4176,4177,SJU,MIA,MIA,SJU,0850,1150,0300,1250,1530,0240,PFT,,,,,,,
Domestic,320/D,F321,4428,4429,DEN,DCA,DCA,DEN,0905,1427,0322,1630,1815,0345,PFT,,,,,,,
Domestic,320/D,F321,3452,3453,SFO,DEN,DEN,SFO,0940,1257,0217,1330,1519,0249,PFT,,,,,,,
Domestic,320/D,F321,4676,4677,ATL,LAX,LAX,ATL,0940,1129,0449,1214,1918,0404,PFT,,,,,,,
Domestic,320/D,F321,3136,3137,DEN,JFK,JFK,DEN,0950,1529,0339,1614,1819,0405,PFT,,,,,,,
Domestic,320/D,F321,4250,4251,LAS,ORD,ORD,LAS,0950,1509,0319,1554,1803,0409,PFT,,,,,,,
Domestic,320/D,F321,3152,3153,MCO,EWR,EWR,MCO,1000,1232,0232,1317,1558,0241,PFT,,,,,,,
Caribbean,320/I,F321,4104,4105,JFK,SJU,SJU,JFK,1040,1427,0347,1527,1924,0357,PFT,,,,,,,
Domestic,320/D,F321,3598,3599,LAS,STL,STL,LAS,1110,1624,0314,1709,1854,0345,PFT,,,,,,,
Domestic,320/D,F321,4994,4995,DEN,SAN,SAN,DEN,1240,1413,0233,1458,1805,0207,PFT,,,,,,,
Domestic,320/D,F321,4498,4499,DEN,ONT,ONT,DEN,1325,1454,0229,1555,1858,0203,PFT,,,,,,,
Domestic,320/D,F321,2424,2457,MCI,FLL,FLL,MCI,1330,1733,0303,1818,2039,0321,CARGO,,,,,,,
Domestic,320/D,F321,494,499,DFW,SLC,SLC,DFW,1415,1607,0252,1652,2014,0222,PFT,,,,,,,
Domestic,320/D,F321,4576,4577,SFO,DEN,DEN,SFO,1420,1737,0217,1822,2011,0249,PFT,,,,,,,
Caribbean,320/I,F321,4688,4689,JFK,SJU,SJU,JFK,1530,1917,0347,2020,0017,0357,PFT,,,,,,,
Caribbean,320/I,F321,3476,3477,SJU,IAD,IAD,SJU,1625,2022,0357,2120,0102,0342,PFT,,,,,,,
Domestic,320/D,F321,4260,4261,SFO,PDX,PDX,SFO,1625,1817,0152,1902,2054,0152,PFT,,,,,,,
Domestic,320/D,F321,4210,4211,DEN,ORD,ORD,DEN,1720,2028,0208,2113,2248,0235,PFT,,,,,,,
Domestic,320/D,F321,4530,4531,SFO,FLL,FLL,SFO,1750,0217,0527,0500,0820,0620,PFT,,,,,,,
Domestic,320/D,F321,652,657,BOS,SAN,SAN,BOS,1750,2116,0626,2201,0630,0529,OLD,,,,,,,
Domestic,320/D,F321,2346,2381,BOS,LAS,LAS,BOS,1805,2103,0558,2148,0554,0506,OLD,,,,,,,
Domestic,320/D,F321,4488,4489,LAS,JFK,JFK,LAS,1840,0231,0451,0630,0910,0540,PFT,,,,,,,
Domestic,320/D,F321,4098,4099,LAS,SLC,SLC,LAS,1900,2133,0133,2218,2255,0137,PFT,,,,,,,
Domestic,320/D,F321,1532,1563,BOS,LAS,LAS,BOS,1910,2208,0558,2253,0659,0506,OLD,,,,,,,
Domestic,320/D,F321,1752,1785,BOS,SAN,SAN,BOS,1920,2246,0626,2331,0800,0529,AUR,,,,,,,
Domestic,320/D,F321,4570,4571,SFO,AUS,AUS,SFO,1925,0053,0328,0505,0705,0400,PFT,,,,,,,
Domestic,320/D,F321,4150,4151,DEN,BOS,BOS,DEN,1930,0123,0353,0700,0922,0422,PFT,,,,,,,
Domestic,320/D,F321,4400,4401,LAS,JFK,JFK,LAS,1945,0336,0451,0630,0910,0540,PFT,,,,,,,
Domestic,320/D,F321,4408,4409,SFO,ORD,ORD,SFO,1955,0150,0355,0820,1113,0453,PFT,,,,,,,
Domestic,320/D,F321,1734,1765,DEN,ABQ,ABQ,DEN,2029,2200,0131,2240,2359,0119,PFT,,,,,,,
Domestic,320/D,F321,4074,4075,DEN,SFO,SFO,DEN,2200,2349,0249,0035,0352,0217,PFT,,,,,,,
Caribbean,320/I,F321,3266,3267,MIA,BQN,BQN,MIA,2300,0133,0233,0230,0522,0252,PFT,,,,,,,
Domestic,320/D,F321,3522,3523,DEN,ONT,ONT,DEN,2305,0034,0229,0130,0433,0203,PFT,,,,,,,
Domestic,320/D,F321,4332,4333,SFO,DFW,DFW,SFO,2359,0511,0312,2115,2311,0356,PFT,,,,,,,
Domestic,320/D,319W,1394,1395,RDU,DCA,DCA,RDU,1300,1421,0121,1506,1629,0123,NAC,,,,,,,
Domestic,E175,E7W,4346,4347,RDU,DCA,DCA,RDU,1440,1601,0121,0910,1033,0123,RBD,,,,,,,
Domestic,E175,E7W,4352,4353,RDU,DCA,DCA,RDU,1640,1804,0124,1849,2015,0126,RBD,,,,,,,
Domestic,320/D,321R,1326,1327,RDU,DEN,DEN,RDU,2120,2259,0339,2350,0508,0318,NAC,,,,,,,
Domestic,320/D,321R,1956,1959,RDU,DEN,DEN,RDU,1106,1306,0400,1406,2046,0440,NAC,,,,,,,
Domestic,320/D,321R,2020,2021,RDU,DEN,DEN,RDU,0832,1011,0339,1110,1628,0318,NAC,,2350,0129,0515,1033,0045,0045
Hawaii,320/I,321E,62,63,LAX,KOA,KOA,LAX,0955,1308,0613,1358,2208,0510,NAC,,,,,,,
Domestic,320/D,A320,1274,1311,PDX,OAK,OAK,PDX,0915,1106,0151,1151,1343,0152,AUR,,,,,,,
Domestic,320/D,A320,1060,1075,DEN,SLC,SLC,DEN,0945,1124,0139,1209,1329,0120,OLD,,,,,,,
Domestic,320/D,319W,1880,1877,RDU,DFW,DFW,RDU,0745,0937,0252,1022,1403,0241,NAC,,,,,,,
Domestic,320/D,319W,480,469,RDU,DFW,DFW,RDU,1830,2022,0252,1404,1745,0241,NAC,,,,,,,
Mexico,737/I,738K,1244,1245,BOS,CUN,CUN,BOS,1105,1427,0422,1530,2031,0401,NAC,,,,,,,
Mexico,320/I,A320,2055,2055,AUS,OAX,OAX,AUS,1030,1201,0231,1301,1634,0233,NAC,,,,,,,
Caribbean,320/I,321R,1412,1413,AUS,SJU,SJU,AUS,2326,0505,0439,0600,1023,0523,NAC,,,,,,,
Caribbean,320/I,321R,3842,3843,AUS,SJU,SJU,AUS,0926,1505,0439,1555,2018,0523,NAC,,,,,,,
Domestic,320/D,A320,2014,2015,RDU,DFW,DFW,RDU,2223,0015,0252,0515,0856,0241,NAC,,,,,,,
Caribbean,320/I,319S,3122,3123,AUS,STT,STT,AUS,0820,1406,0446,1506,1937,0531,NAC,,,,,,,
Europe,320/I,321X,156,157,BOS,MAD,MAD,BOS,2255,1131,0636,1301,1438,0737,NAC,,,,,,,
South America,320/I,319S,2974,2975,JFK,BOG,BOG,JFK,1750,2225,0535,0040,0715,0535,NAC,,,,,,,
Europe,320/I,321X,84,85,JFK,EDI,EDI,JFK,2028,0815,0647,1015,1308,0753,NAC,,,,,,,
Europe,320/I,321X,86,87,JFK,LIS,LIS,JFK,2210,1004,0654,1200,1504,0804,NAC,,,,,,,
Caribbean,320/I,319S,3022,3023,JFK,STT,STT,JFK,0920,1310,0350,1410,1811,0401,NAC,,,,,,,
Mexico,737/I,738K,3028,3029,JFK,CUN,CUN,JFK,0745,1043,0358,1140,1621,0341,NAC,,,,,,,
Domestic,320/D,321R,1324,1325,LAX,LAS,LAS,LAX,0805,0925,0120,1010,1125,0115,NAC,,,,,,,
Domestic,737/D,738K,1328,1329,LAX,LAS,LAS,LAX,1145,1305,0120,1355,1510,0115,NAC,,,,,,,
Domestic,737/D,738K,1320,1321,LAX,LAS,LAS,LAX,1615,1735,0120,1815,1930,0115,NAC,,,,,,,
Domestic,320/D,321F,3536,3537,LAX,LAS,LAS,LAX,2225,2345,0120,0030,0145,0115,PFT,,,,,,,
Domestic,320/D,321R,1327,1326,LAX,LAS,LAS,LAX,2045,2205,0120,2250,0005,0115,NAC,,,,,,,
Europe,A339,330N,292,293,LAX,LHR,LHR,LAX,1320,0730,1010,0930,1240,1110,NAC,,,,,,,
Hawaii,320/I,321E,484,485,LAX,LIH,LIH,LAX,1327,1655,0628,2244,0705,0521,NAC,,,,,,,
Hawaii,320/I,321E,272,273,LAX,LIH,LIH,LAX,0819,1147,0628,1305,2126,0521,NAC,,,,,,,
Domestic,E145,ERD,,,LAX,MCE,MCE,LAX,,,0125,,,0113,RVF,,0635,0800,0845,0958,0045,0045
Caribbean,320/I,321R,1650,1651,MIA,AUA,AUA,MIA,1105,1357,0252,1457,1803,0306,NAC,,,,,,,
Caribbean,320/I,319S,308,415,MIA,BDA,BDA,MIA,1740,2120,0240,0830,1031,0301,NAC,,,,,,,
Mexico,737/I,738M,423,407,JFK,CUN,CUN,JFK,1115,1413,0358,1510,1951,0341,NAC,,,,,,,
Domestic,E145,ERD,,,LAX,MCE,MCE,LAX,,,0125,,,0113,RVF,,1705,1830,1915,2028,0045,0045
Mexico,737/I,738K,1910,1907,MCI,CUN,CUN,MCI,0728,1045,0317,1145,1512,0327,NAC,,0700,1017,1112,1439,0055,0055
International,320/I,321R,396,397,MIA,CUR,CUR,MIA,1005,1303,0258,1505,1903,0358,NAC,,,,,,,
Caribbean,320/I,319S,965,965,MIA,GCM,GCM,MIA,0955,1038,0143,1128,1410,0142,NAC,,,,,,,
Caribbean,320/I,319S,2932,2933,MIA,GCM,GCM,MIA,1527,1610,0143,1710,1952,0142,NAC,,,,,,,
South America,320/I,321E,992,993,MIA,LIM,LIM,MIA,1120,1602,0542,2250,0537,0547,NAC,,,,,,,
South America,320/I,321E,456,457,MIA,LIM,LIM,MIA,2210,0259,0549,0600,1254,0554,NAC,,,,,,,
Domestic,320/D,319W,1066,1079,AUS,PHL,PHL,AUS,1003,1425,0322,1505,1756,0351,NAC,,,,,,,
Domestic,320/D,319W,2102,2137,AUS,PHL,PHL,AUS,1337,1759,0322,1840,2131,0351,NAC,,,,,,,
Domestic,320/D,319W,1888,1889,BOS,PHL,PHL,BOS,1200,1330,0130,1410,1535,0125,NAC,,,,,,,
Domestic,320/D,319W,426,429,RDU,DTW,DTW,RDU,2305,0055,0150,0555,0754,0159,NAC,,2350,0140,0555,0754,0045,0045
Caribbean,320/I,321E,2340,2371,MIA,SJU,SJU,MIA,0747,1024,0237,1124,1421,0257,NAC,,,,,,,
Caribbean,320/I,321E,3142,3143,MIA,SJU,SJU,MIA,1010,1250,0240,1355,1655,0300,NAC,,,,,,,
Caribbean,320/I,321R,1302,1315,MIA,SJU,SJU,MIA,1230,1510,0240,1610,1910,0300,NAC,,,,,,,
Caribbean,320/I,321R,2198,2237,MIA,SJU,SJU,MIA,2015,2255,0240,2359,0259,0300,NAC,,,,,,,
Domestic,320/D,A320,1480,1481,PDX,SNA,SNA,PDX,1015,1239,0224,1324,1553,0229,AUR,,,,,,,
Domestic,320/D,A320,1756,1757,PDX,ORD,ORD,PDX,1130,1713,0343,1758,2035,0437,AUR,,,,,,,
Domestic,320/D,A320,4690,4691,PVU,LAS,LAS,PVU,1210,1244,0134,1329,1559,0130,PFT,,,,,,,
Domestic,320/D,A320,1176,1177,PDX,MSP,MSP,PDX,1300,1820,0320,1905,2056,0351,AUR,,,,,,,
Domestic,320/D,A320,4856,4857,PVU,PHX,PHX,PVU,1350,1434,0144,1519,1803,0144,PFT,,,,,,,
Domestic,320/D,A320,948,953,MCI,LAX,LAX,MCI,1400,1533,0333,1618,2131,0313,CARGO,,,,,,,
Domestic,320/D,A320,2018,2053,MCI,PBI,PBI,MCI,1425,1824,0259,1909,2126,0317,CARGO,,,,,,,
Domestic,320/D,A320,807,807,MCI,FLL,FLL,MCI,1550,1953,0303,2038,2259,0321,CARGO,,,,,,,
Domestic,320/D,A320,3904,3905,PDX,SAN,SAN,PDX,1550,1822,0232,1907,2145,0238,AUR,,,,,,,
Domestic,320/D,A320,1948,1949,PDX,PSP,PSP,PDX,1635,1900,0225,1945,2216,0231,AUR,,,,,,,
Domestic,320/D,A320,2180,2181,PDX,ONT,ONT,PDX,1705,1926,0221,2011,2238,0227,AUR,,,,,,,
Domestic,320/D,A320,2204,2205,PDX,SAN,SAN,PDX,1855,2127,0232,2212,0050,0238,AUR,,,,,,,
Domestic,320/D,320S,4784,4785,DEN,MSY,MSY,DEN,1120,1459,0239,1545,1732,0247,PFT,,,,,,,
Domestic,320/D,320S,4186,4187,PVU,SFO,SFO,PVU,1615,1721,0206,1806,2059,0153,PFT,,,,,,,
Domestic,320/D,320S,3254,3255,DEN,SLC,SLC,DEN,1650,1829,0139,1914,2034,0120,PFT,,,,,,,
Domestic,320/D,320S,4032,4033,PVU,SNA,SNA,PVU,1820,1919,0159,2004,2255,0151,PFT,,,,,,,
Domestic,320/D,320S,4048,4049,DEN,BUR,BUR,DEN,1955,2128,0233,0600,0906,0206,PFT,,,,,,,
Domestic,320/D,320S,3558,3559,DEN,CLE,CLE,DEN,2235,0327,0252,0640,0750,0310,PFT,,,,,,,
Domestic,320/D,320S,4876,4877,LAS,SEA,SEA,LAS,2325,0156,0231,0805,1028,0223,PFT,,,,,,,
Domestic,320/D,H205,2330,1017,SFO,BNA,BNA,SFO,0830,1449,0419,1534,1837,0503,OLD,,,,,,,
Domestic,320/D,H205,2438,1761,DEN,SDF,SDF,DEN,0845,1318,0233,1403,1449,0246,OLD,,,,,,,
Mexico,320/D,H205,2430,2431,SFO,SJD,SJD,SFO,0910,1214,0304,1509,1829,0320,OLD,,,,,,,
Domestic,320/D,H205,874,881,DEN,SMF,SMF,DEN,0925,1107,0242,1152,1503,0211,OLD,,,,,,,
Domestic,320/D,H205,2186,1459,DEN,ELP,ELP,DEN,0935,1127,0152,1312,1452,0140,OLD,,,,,,,
Domestic,320/D,H205,526,531,SFO,GEG,GEG,SFO,0945,1155,0210,1240,1455,0215,OLD,,,,,,,
Domestic,320/D,321E,1804,1805,LAX,MCO,MCO,LAX,1610,2355,0445,0740,1003,0523,NAC,,,,,,,
Domestic,320/D,H205,1660,1689,DEN,IND,IND,DEN,1000,1428,0228,1513,1553,0240,OLD,,,,,,,
Caribbean,320/I,321R,1228,1228,MIA,SVD,SVD,MIA,1102,1433,0331,1535,1934,0359,NAC,,,,,,,
Caribbean,320/I,321R,872,873,MIA,UVF,UVF,MIA,1055,1425,0330,1525,1923,0358,NAC,,,,,,,
Mexico,320/I,321R,942,943,MIA,CUN,CUN,MIA,1159,1255,0156,1350,1637,0147,NAC,,,,,,,
Caribbean,320/I,321R,3016,3017,PHL,PUJ,PUJ,PHL,0900,1239,0339,1340,1728,0348,NAC,,,,,,,
Caribbean,320/I,321R,1440,1441,PHL,SJU,SJU,PHL,0915,1259,0344,1355,1751,0356,NAC,,,,,,,
Mexico,320/I,321R,1580,1580,MIA,CUN,CUN,MIA,1455,1551,0156,1650,1937,0147,NAC,,,,,,,
Hawaii,320/I,321E,630,631,PHX,HNL,HNL,PHX,1345,1755,0710,2145,0651,0606,NAC,,,,,,,
Hawaii,320/I,321E,654,639,PHX,HNL,HNL,PHX,0810,1220,0710,1450,2356,0606,NAC,,,,,,,
Hawaii,320/I,321E,608,609,PHX,KOA,KOA,PHX,1405,1807,0702,2215,0715,0600,NAC,,,,,,,
Hawaii,320/I,321E,674,675,PHX,LIH,LIH,PHX,1330,1748,0718,2105,0617,0612,NAC,,,,,,,
Hawaii,320/I,321E,668,671,PHX,OGG,OGG,PHX,1455,1855,0700,2225,0723,0558,NAC,,,,,,,
Hawaii,320/I,321E,665,659,PHX,OGG,OGG,PHX,0830,1230,0700,1445,2343,0558,NAC,,,,,,,
Domestic,320/D,319W,1220,1253,RDU,DTW,DTW,RDU,1115,1305,0150,1355,1540,0145,NAC,,,,,,,
Domestic,E175,E7S,4472,4473,RDU,DTW,DTW,RDU,2140,2330,0150,0700,0845,0145,RBD,,,,,,,
Domestic,E175,E7S,4120,4121,RDU,DTW,DTW,RDU,1400,1550,0150,1630,1815,0145,RBD,,,,,,,
Domestic,E175,E7S,4130,4131,RDU,DTW,DTW,RDU,1640,1830,0150,1910,2055,0145,RBD,,,,,,,
Domestic,320/D,321E,3164,3165,MIA,PDX,PDX,MIA,1915,2245,0630,2355,0835,0540,NAC,,,,,,,
Caribbean,320/I,319W,1248,1248,MIA,PLS,PLS,MIA,0850,1041,0151,1115,1317,0202,NAC,,,,,,,
Domestic,737/D,738K,1756,1757,ORD,PDX,PDX,ORD,1150,1427,0437,1512,2055,0343,NAC,,,,,,,
Domestic,E175,E7W,3702,3703,RDU,ECP,ECP,RDU,2200,2359,0159,0600,0750,0150,EMY,,,,,,,
Domestic,E175,E7W,3670,3671,RDU,ECP,ECP,RDU,1000,1159,0159,1239,1429,0150,EMY,,,,,,,
Domestic,320/D,319S,756,756,RDU,EGE,EGE,RDU,0810,1018,0408,1450,2024,0334,NAC,,,,,,,
Domestic,E145,EMJ,3652,3653,RDU,EVV,EVV,RDU,2204,2359,0155,0600,0744,0144,EMY,,,,,,,
Canada,320/D,H205,1286,1287,SFO,YVR,YVR,SFO,1030,1250,0220,1340,1559,0219,AAH,,,,,,,
Domestic,320/D,H205,716,1193,DEN,BIL,BIL,DEN,1030,1212,0142,1257,1425,0128,OLD,,,,,,,
Domestic,320/D,H205,684,2447,DEN,BWI,BWI,DEN,1055,1619,0324,1704,1851,0347,OLD,,,,,,,
Domestic,320/D,H205,1160,1161,SFO,MSP,MSP,SFO,1105,1644,0339,1729,1942,0413,OLD,,,,,,,
Domestic,320/D,H205,982,987,SFO,MCI,MCI,SFO,1155,1723,0328,1808,2009,0401,OLD,,,,,,,
Domestic,320/D,H205,1672,2320,DEN,MSP,MSP,DEN,1210,1509,0159,1554,1656,0202,OLD,,,,,,,
Domestic,320/D,H205,1808,1829,DEN,MFR,MFR,DEN,1220,1408,0248,1453,1810,0217,OLD,,,,,,,
Domestic,320/D,H205,362,365,SFO,MCI,MCI,SFO,1225,1753,0328,1838,2039,0401,OLD,,,,,,,
Domestic,320/D,H205,1710,1735,DEN,PSP,PSP,DEN,1255,1418,0223,1503,1801,0158,OLD,,,,,,,
Domestic,320/D,H205,990,1340,DEN,SEA,SEA,DEN,1345,1538,0253,1623,1947,0224,OLD,,,,,,,
Domestic,320/D,H205,1048,1049,SFO,SAN,SAN,SFO,1350,1529,0139,1614,1800,0146,OLD,,,,,,,
Domestic,320/D,H205,1974,2005,DEN,CMH,CMH,DEN,1415,1902,0247,1947,2050,0303,OLD,,,,,,,
Domestic,320/D,H205,995,1355,DEN,SEA,SEA,DEN,1440,1633,0253,1718,2042,0224,OLD,,,,,,,
Domestic,320/D,H205,1166,319,SFO,SEA,SEA,SFO,1440,1646,0206,1731,1937,0206,OLD,,,,,,,
Domestic,320/D,H205,408,2049,DEN,FCA,FCA,DEN,1500,1717,0217,1802,1959,0157,OLD,,,,,,,
Domestic,320/D,H205,998,1003,DEN,IND,IND,DEN,1505,1933,0228,2018,2058,0240,OLD,,,,,,,
Domestic,320/D,H205,2486,2486,DEN,RNO,RNO,DEN,1545,1713,0228,1758,2058,0200,OLD,,,,,,,
Canada,320/D,H205,1606,2403,DEN,YVR,YVR,DEN,1555,1759,0304,1849,2223,0234,OLD,,,,,,,
Domestic,320/D,H205,1796,1827,DEN,MSO,MSO,DEN,1610,1819,0209,1904,2053,0149,OLD,,,,,,,
Domestic,320/D,H205,1250,1251,SFO,ONT,ONT,SFO,1610,1742,0132,1827,2005,0138,OLD,,,,,,,
Domestic,320/D,H205,2016,411,DEN,FCA,FCA,DEN,1655,1912,0217,1957,2154,0157,OLD,,,,,,,
Domestic,320/D,H205,1836,1837,SFO,SLC,SLC,SFO,1735,2028,0153,2113,2219,0206,OLD,,,,,,,
Domestic,320/D,H205,2046,681,SFO,SNA,SNA,SFO,1800,1932,0132,2017,2155,0138,OLD,,,,,,,
Domestic,320/D,H205,2347,1703,DEN,DFW,DFW,DEN,1835,2118,0143,2203,2258,0155,OLD,,,,,,,
Domestic,320/D,H205,1728,2469,DEN,SDF,SDF,DEN,1920,2353,0233,0038,0124,0246,OLD,,,,,,,
Domestic,320/D,H205,2006,2007,SFO,SBA,SBA,SFO,2005,2129,0124,2214,2341,0127,OLD,,,,,,,
Domestic,320/D,321E,1454,1497,LAX,MCO,MCO,LAX,1051,1836,0445,1936,2159,0523,NAC,,,,,,,
Canada,320/D,H205,2038,2065,DEN,YYC,YYC,DEN,2020,2253,0233,2343,0156,0213,OLD,,,,,,,
Domestic,320/D,H205,680,1261,SFO,SNA,SNA,SFO,2035,2207,0132,2252,0030,0138,OLD,,,,,,,
Domestic,320/D,H205,920,925,DEN,CID,CID,DEN,2055,2354,0159,0039,0143,0204,OLD,,,,,,,
Domestic,320/D,H205,2190,721,DEN,BIL,BIL,DEN,2105,2247,0142,2332,0100,0128,OLD,,,,,,,
Domestic,320/D,H205,1698,1699,SFO,PSP,PSP,SFO,2125,2301,0136,2346,0130,0144,OLD,,,,,,,
Caribbean,320/I,320N,4402,4403,SJU,BWI,BWI,SJU,0210,0606,0356,0705,1047,0342,PFT,,,,,,,
Caribbean,320/I,320N,4166,4167,SJU,ATL,ATL,SJU,0600,0949,0349,1050,1426,0336,PFT,,,,,,,
Domestic,320/D,320N,4412,4413,LAS,CVG,CVG,LAS,0625,1313,0348,1358,1523,0425,PFT,,,,,,,
Domestic,320/D,320N,4606,4607,ATL,LAS,LAS,ATL,0630,0803,0433,0848,1531,0343,PFT,,,,,,,
Domestic,320/D,320N,4318,4319,DFW,LGA,LGA,DFW,0630,1047,0317,1132,1406,0334,PFT,,,,,,,
Caribbean,320/I,320N,4388,4389,SJU,EWR,EWR,SJU,0705,1104,0359,1205,1553,0348,PFT,,,,,,,
Domestic,320/D,320N,4972,4973,LAS,PHX,PHX,LAS,0715,0838,0123,0923,1050,0127,PFT,,,,,,,
Domestic,320/D,320N,3562,3563,LAS,MDW,MDW,LAS,0735,1306,0331,1351,1555,0404,PFT,,,,,,,
Caribbean,320/I,320N,3576,3577,SJU,MCO,MCO,SJU,0750,1107,0317,1205,1501,0256,PFT,,,,,,,
Caribbean,320/I,320N,4886,4887,MCO,PSE,PSE,MCO,0755,1050,0255,1150,1505,0315,PFT,,,,,,,
Domestic,320/D,320N,3270,3271,LAS,PHX,PHX,LAS,0800,0923,0123,1008,1135,0127,PFT,,,,,,,
Caribbean,320/I,320N,4174,4175,SJU,TPA,TPA,SJU,0820,1144,0324,1245,1546,0301,PFT,,,,,,,
Domestic,320/D,320N,4812,4813,LAS,SFO,SFO,LAS,0830,1014,0144,1059,1234,0135,PFT,,,,,,,
Domestic,320/D,320N,4080,4081,LAS,DEN,DEN,LAS,0835,1118,0143,1203,1309,0206,PFT,,,,,,,
Domestic,320/D,320N,3508,3509,LAS,EWR,EWR,LAS,0900,1648,0448,1733,2011,0538,PFT,,,,,,,
Domestic,320/D,320N,3426,3427,DEN,PHX,PHX,DEN,0900,1001,0201,1046,1328,0142,PFT,,,,,,,
Caribbean,320/I,320N,4778,4779,SJU,BDL,BDL,SJU,0920,1324,0404,1425,1821,0356,PFT,,,,,,,
Domestic,320/D,320N,4658,4659,DEN,DFW,DFW,DEN,0930,1213,0143,1530,1625,0155,PFT,,,,,,,
Caribbean,320/I,320N,4374,4375,SJU,PHL,PHL,SJU,0945,1341,0356,1441,1825,0344,PFT,,,,,,,
Caribbean,320/I,320N,4380,4381,SJU,POS,POS,SJU,1005,1202,0157,1305,1509,0204,PFT,,,,,,,
Caribbean,320/I,320N,4644,4645,SJU,PUJ,PUJ,SJU,1010,1129,0119,1230,1346,0116,PFT,,,,,,,
Domestic,320/D,320N,4070,4071,SEA,SLC,SLC,SEA,1020,1323,0203,1408,1522,0214,PFT,,,,,,,
Domestic,320/D,320N,4426,4427,DEN,BUR,BUR,DEN,1035,1208,0233,1255,1601,0206,PFT,,,,,,,
Domestic,320/D,320N,3272,3273,SFO,SLC,SLC,SFO,1040,1333,0153,1418,1524,0206,PFT,,,,,,,
Caribbean,320/I,320N,4064,4065,SJU,BWI,BWI,SJU,1045,1441,0356,1540,1922,0342,PFT,,,,,,,
Mexico,320/I,320N,24,25,CLE,CUN,CUN,CLE,1045,1322,0337,1317,1747,0330,PFT,,,,,,,
Central America,320/I,320N,4766,4767,MCO,SAL,SAL,MCO,1105,1211,0306,1311,1806,0255,PFT,,,,,,,
Domestic,320/D,320N,4900,4901,DEN,FSD,FSD,DEN,1105,1344,0139,1445,1524,0139,PFT,,,,,,,
Domestic,320/D,320N,4288,4289,ATL,RSW,RSW,ATL,1110,1257,0147,1342,1521,0139,PFT,,,,,,,
Domestic,320/D,320N,4442,4443,DFW,BWI,BWI,DFW,1125,1523,0258,1608,1820,0312,PFT,,,,,,,
Domestic,320/D,320N,3532,3533,DEN,BUR,BUR,DEN,1140,1313,0233,1405,1711,0206,PFT,,,,,,,
Domestic,320/D,320N,3282,3283,DEN,BUF,BUF,DEN,1200,1710,0310,1745,1915,0330,PFT,,,,,,,
Domestic,320/D,320N,4722,4723,ATL,MSY,MSY,ATL,1200,1245,0145,1330,1555,0125,PFT,,,,,,,
Domestic,320/D,320N,4954,4955,DEN,DRO,DRO,DEN,1215,1338,0123,1515,1625,0110,PFT,,,,,,,
Caribbean,320/I,320N,3024,3025,SJU,JAX,JAX,SJU,1235,1604,0329,1705,2012,0307,PFT,,,,,,,
Caribbean,320/I,320N,3276,3277,SJU,SXM,SXM,SJU,1320,1438,0118,1540,1702,0122,PFT,,,,,,,
Domestic,320/D,320N,4158,4159,ATL,MSP,MSP,ATL,1330,1507,0237,1552,1907,0215,PFT,,,,,,,
Domestic,320/D,320N,4326,4327,DEN,SJC,SJC,DEN,1400,1547,0247,1625,1941,0216,PFT,,,,,,,
Caribbean,320/I,320N,4480,4481,SJU,EWR,EWR,SJU,1405,1804,0359,1905,2253,0348,PFT,,,,,,,
Domestic,320/D,320N,4386,4387,ATL,CLE,CLE,ATL,1430,1622,0152,1707,1850,0143,PFT,,,,,,,
Domestic,320/D,320N,4142,4143,SFO,PDX,PDX,SFO,1450,1642,0152,1727,1919,0152,PFT,,,,,,,
Domestic,320/D,320N,4128,4129,DEN,MDW,MDW,DEN,1515,1835,0220,1920,2050,0230,PFT,,,,,,,
Domestic,320/D,320N,4700,4701,ATL,TPA,TPA,ATL,1530,1707,0137,1752,1919,0127,PFT,,,,,,,
Domestic,320/D,320N,4872,4873,MSP,MDW,MDW,MSP,1535,1705,0130,1750,1926,0136,PFT,,,,,,,
Domestic,320/D,320N,4998,4999,LAS,DEN,DEN,LAS,1625,1908,0143,1953,2059,0206,PFT,,,,,,,
Domestic,320/D,320N,4118,4119,ATL,DTW,DTW,ATL,1630,1826,0156,1911,2057,0146,PFT,,,,,,,
Caribbean,320/I,320N,4544,4545,SJU,PHL,PHL,SJU,1635,2031,0356,2130,0114,0344,PFT,,,,,,,
Caribbean,320/I,320N,4058,4059,SJU,STT,STT,SJU,1725,1837,0112,1920,2033,0113,PFT,,,,,,,
Domestic,320/D,320N,4806,4807,DEN,LAX,LAX,DEN,1730,1854,0224,1939,2245,0206,PFT,,,,,,,
Domestic,320/D,320N,4636,4637,DFW,EGE,EGE,DFW,1800,1918,0218,2003,2257,0154,PFT,,,,,,,
Domestic,320/D,320N,4328,4329,MSP,MDW,MDW,MSP,1845,2015,0130,2100,2236,0136,PFT,,,,,,,
Domestic,320/D,320N,4414,4415,DEN,MSY,MSY,DEN,1900,2239,0239,0615,0802,0247,PFT,,,,,,,
Domestic,320/D,320N,4026,4027,DEN,SLC,SLC,DEN,1910,2049,0139,2134,2254,0120,PFT,,,,,,,
Mexico,320/I,320N,3514,3515,MCO,CUN,CUN,MCO,1925,2029,0204,2024,2321,0157,PFT,,,,,,,
Caribbean,320/I,320N,4566,4567,SJU,TPA,TPA,SJU,1930,2254,0324,2359,0300,0301,PFT,,,,,,,
Domestic,320/D,320N,4466,4467,MCO,PHX,PHX,MCO,1950,2136,0446,2221,0527,0406,PFT,,,,,,,
Domestic,320/D,320N,4536,4537,LAS,DTW,DTW,LAS,1955,0251,0356,0510,0644,0434,PFT,,,,,,,
Domestic,320/D,320N,3586,3587,DEN,SJC,SJC,DEN,2045,2232,0247,0515,0831,0216,PFT,,,,,,,
Central America,320/I,320N,186,187,MCO,GUA,GUA,MCO,2100,2205,0305,0000,0451,0251,PFT,,,,,,,
Domestic,320/D,320N,4598,4599,SFO,PHX,PHX,SFO,2100,2258,0158,2343,0154,0211,PFT,,,,,,,
Central America,320/I,320N,4314,4315,MCO,SAP,SAP,MCO,2140,2227,0247,2327,0404,0237,PFT,,,,,,,
Domestic,320/D,320N,3526,3527,AUS,MDW,MDW,AUS,2205,0039,0234,0640,0927,0247,PFT,,,,,,,
Caribbean,320/I,320N,4310,4311,MCO,BQN,BQN,MCO,2225,0114,0249,0215,0524,0309,PFT,,,,,,,
Domestic,320/D,320N,3550,3551,SFO,ATL,ATL,SFO,2230,0556,0426,1900,2124,0524,PFT,,,,,,,
Domestic,320/D,320N,4752,4753,LAS,IAH,IAH,LAS,2230,0328,0258,0725,0848,0323,PFT,,,,,,,
Caribbean,320/I,320N,36,37,SJU,PUJ,PUJ,SJU,2240,2359,0119,0500,0616,0116,PFT,,,,,,,
Domestic,320/D,320N,4772,4773,DEN,MDW,MDW,DEN,2240,0200,0220,0735,0905,0230,PFT,,,,,,,
Domestic,320/D,320N,4760,4761,SFO,ONT,ONT,SFO,2240,0012,0132,500,0638,0138,PFT,,,,,,,
Domestic,320/D,320N,4258,4259,BOS,MDW,MDW,BOS,2308,0047,0239,0635,0954,0219,PFT,,,,,,,
Domestic,320/D,320N,4148,4149,DEN,IAH,IAH,DEN,2340,0259,0219,0740,0900,0220,PFT,,,,,,,
Caribbean,320/I,320N,4958,4959,SJU,MIA,MIA,SJU,2345,0245,0300,0345,0625,0240,PFT,,,,,,,
Domestic,320/D,320N,4316,4317,DEN,SNA,SNA,DEN,2350,0122,0232,0825,1131,0206,PFT,,,,,,,
Domestic,320/D,320N,4298,4299,FLL,PVD,PVD,FLL,0630,0930,0300,1015,1326,0311,PFT,,,,,,,
Domestic,320/D,320N,4890,4891,MCO,ATL,ATL,MCO,0640,0808,0128,0853,1029,0136,PFT,,,,,,,
Domestic,320/D,320N,4572,4573,LAS,BUR,BUR,LAS,0700,0825,0125,0910,1030,0120,PFT,,,,,,,
Domestic,320/D,320N,4762,4763,FLL,EWR,EWR,FLL,0845,1132,0247,1217,1512,0255,PFT,,,,,,,
Domestic,320/D,320N,3596,3597,MCO,BNA,BNA,MCO,0905,1008,0203,1053,1350,0157,PFT,,,,,,,
Domestic,320/D,320N,4136,4137,LAS,BNA,BNA,LAS,0925,1502,0337,1547,1800,0413,PFT,,,,,,,
Caribbean,320/I,320N,3284,3285,EWR,PUJ,PUJ,EWR,1031,1415,0344,1515,1907,0352,PFT,,,,,,,
Caribbean,320/I,320N,4508,4509,SJU,PUJ,PUJ,SJU,1140,1259,0119,1245,1401,0116,PFT,,,,,,,
Domestic,320/D,320N,4646,4647,FLL,ISP,ISP,FLL,1145,1434,0249,1519,1818,0259,PFT,,,,,,,
Domestic,320/D,320N,4608,4609,SJC,SAN,SAN,SJC,1325,1502,0137,1547,1730,0143,PFT,,,,,,,
Domestic,320/D,320N,4454,4455,EWR,BNA,BNA,EWR,1430,1554,0224,1639,1947,0208,PFT,,,,,,,
Domestic,320/D,320N,3120,3121,FLL,EWR,EWR,FLL,1430,1717,0247,1802,2057,0255,PFT,,,,,,,
Caribbean,320/I,320N,4628,4629,SJU,SDQ,SDQ,SJU,1550,1717,0127,1820,1941,0121,PFT,,,,,,,
Domestic,320/D,320N,4068,4069,MCO,DCA,DCA,MCO,1600,1813,0213,1858,2116,0218,PFT,,,,,,,
Domestic,320/D,320N,4948,4949,LAS,BUR,BUR,LAS,1630,1755,0125,1835,1955,0120,PFT,,,,,,,
Domestic,320/D,320N,4162,4163,LAS,MCI,MCI,LAS,2315,0404,0249,0449,0604,0315,PFT,,,,,,,
Domestic,320/D,320N,3516,3517,FLL,JFK,JFK,FLL,2355,0242,0247,0625,0920,0255,PFT,,,,,,,
Alaska,737/D,39E,162,163,ANC,OTZ,OTZ,ANC,0625,2244,1619,2334,1553,1619,AUR,,,,,,,
Domestic,737/D,39E,2064,2099,DEN,MIA,MIA,DEN,0640,1229,0349,0848,1058,0410,OLD,,,,,,,
Domestic,737/D,39E,1010,1015,DEN,LAX,LAX,DEN,0710,0834,0224,1307,1613,0206,OLD,,,,,,,
Domestic,737/D,39E,1071,1070,SFO,PDX,PDX,SFO,0720,0912,0152,0957,1149,0152,OLD,,,,,,,
Domestic,737/D,39E,2030,2061,DEN,SAN,SAN,DEN,0740,0913,0233,1101,1408,0207,OLD,,,,,,,
Alaska,737/D,39E,516,517,ANC,LAX,LAX,ANC,0825,1418,0453,1508,1940,0532,AUR,,,,,,,
Domestic,737/D,39E,658,667,PDX,BWI,BWI,PDX,0830,1632,0502,1717,2008,0551,AUR,,,,,,,
Domestic,737/D,39E,2202,1055,DEN,BZN,BZN,DEN,0835,1026,0151,1111,1245,0134,OLD,,,,,,,
Domestic,737/D,39E,1798,1831,DEN,EWR,EWR,DEN,0850,1426,0336,1054,1256,0402,OLD,,,,,,,
Domestic,737/D,39E,1108,1113,DEN,LAS,LAS,DEN,0915,1021,0206,1106,1349,0143,OLD,,,,,,,
Mexico,737/D,39E,1464,1465,PDX,SJD,SJD,PDX,0945,1342,0357,1537,1950,0413,AUR,,,,,,,
Domestic,737/D,39E,898,267,SFO,SEA,SEA,SFO,1025,1231,0206,1316,1522,0206,OLD,,,,,,,
Domestic,737/D,39E,728,733,DEN,LAS,LAS,DEN,1130,1236,0206,1321,1604,0143,OLD,,,,,,,
Alaska,737/D,39E,512,513,ANC,SFO,SFO,ANC,1200,1728,0428,1818,2211,0453,AUR,,,,,,,
Domestic,737/D,39E,2204,2205,PDX,SAN,SAN,PDX,1230,1502,0232,1547,1825,0238,AUR,,,,,,,
Domestic,737/D,39E,1127,1126,DEN,PDX,PDX,DEN,1340,1530,0250,1615,1935,0220,OLD,,,,,,,
Domestic,737/D,39E,1610,1631,DEN,ORD,ORD,DEN,1345,1653,0208,1738,1913,0235,OLD,,,,,,,
Alaska,737/D,39E,94,95,ANC,PDX,PDX,ANC,1350,1824,0334,1914,2211,0357,AUR,,,,,,,
Domestic,737/D,39E,974,979,SFO,IAH,IAH,SFO,1410,1953,0343,2038,2255,0417,OLD,,,,,,,
Domestic,737/D,39E,548,549,PDX,PSP,PSP,PDX,1410,1635,0225,1720,1951,0231,AUR,,,,,,,
Domestic,737/D,39E,907,908,SFO,DEN,DEN,SFO,1500,1817,0217,1902,2051,0249,OLD,,,,,,,
Domestic,737/D,39E,2042,2043,PDX,PHX,PHX,PDX,1505,1743,0238,1828,2118,0250,AUR,,,,,,,
Domestic,737/D,39E,1922,1923,SFO,SAN,SAN,SFO,1550,1729,0139,1814,2000,0146,OLD,,,,,,,
Domestic,737/D,39E,1522,1523,SFO,EWR,EWR,SFO,1645,0111,0526,0750,1112,0622,OLD,,,,,,,
Domestic,737/D,39E,1172,1195,DEN,PSP,PSP,DEN,1705,1828,0223,1913,2211,0158,OLD,,,,,,,
Hawaii,737/D,39E,500,501,ANC,HNL,HNL,ANC,1750,2207,0617,2257,0705,0608,AUR,,,,,,,
Domestic,737/D,39E,376,377,SFO,EWR,EWR,SFO,1905,0331,0526,0750,1112,0622,OLD,,,,,,,
Domestic,737/D,39E,46,47,PDX,EWR,EWR,PDX,1920,0330,0510,0605,0906,0601,AUR,,,,,,,
Alaska,737/D,39E,596,597,ANC,DEN,DEN,ANC,1935,0230,0455,0550,0933,0543,AUR,,,,,,,
Domestic,737/D,39E,908,907,DEN,SFO,SFO,DEN,2125,2314,0249,2359,0316,0217,OLD,,,,,,,
Domestic,737/D,39E,688,689,SFO,DEN,DEN,SFO,2340,0257,0217,0745,0934,0249,OLD,,,,,,,
Domestic,737/D,39E,644,645,SFO,LAS,LAS,SFO,2350,0125,0135,0540,0724,0144,OLD,,,,,,,
Domestic,737/D,39E,1842,1865,DEN,BOS,BOS,DEN,,,0353,,,0422,OLD,,2330,0523,0608,0830,0045,0045
Domestic,737/D,39E,2086,2131,DEN,LAX,LAX,DEN,,,0224,,,0206,OLD,,,,,,,
Domestic,737/D,39E,742,747,DEN,MIA,MIA,DEN,,,0349,,,0410,OLD,,,,,,,
Domestic,737/D,39E,522,527,DEN,PHL,PHL,DEN,,,0331,,,0356,OLD,,,,,,,
Domestic,737/D,39E,2432,2461,DEN,SAN,SAN,DEN,,,0233,,,0207,OLD,,,,,,,
Domestic,737/D,39E,1920,1943,DEN,TPA,TPA,DEN,,,0327,,,0344,OLD,,,,,,,
Hawaii,A339,330N,804,805,HNL,LAS,LAS,HNL,0715,1540,0525,1630,1944,0614,AAH,,,,,,,
Hawaii,A339,330N,42,43,HNL,SFO,SFO,HNL,0950,1738,0448,1828,2058,0530,AAH,,,,,,,
Mexico,737/D,738K,2354,2354,LAX,MEX,MEX,LAX,0827,1302,0335,1402,1653,0351,NAC,,,,,,,
Domestic,A339,330N,746,753,AUS,MIA,MIA,AUS,0800,1145,0245,1300,1509,0309,NAC,,,,,,,
Domestic,A339,330N,856,863,AUS,MCO,MCO,AUS,1130,1503,0233,1635,1830,0255,NAC,,,,,,,
Domestic,A339,330N,1938,1938,MIA,LAX,LAX,MIA,0736,1015,0539,1430,2229,0459,NAC,,,,,,,
Europe,A339,330N,214,213,BOS,LHR,LHR,BOS,2144,0930,0646,0830,1123,0753,NAC,,,,,,,
Europe,A339,330N,238,237,JFK,CDG,CDG,JFK,1638,0605,0727,0905,1145,0840,NAC,,,,,,,
Europe,A339,330N,212,211,JFK,DUB,DUB,JFK,1933,0710,0637,0920,1203,0743,NAC,,,,,,,
Europe,A339,330N,232,231,JFK,MAD,MAD,JFK,2141,1100,0719,1005,1238,0833,NAC,,2310,2310,2355,2355,0045,0045
Domestic,Q400,DH4,2380,2381,LAX,MFR,MFR,LAX,2120,2323,0203,1832,2020,0148,SSX,,,,,,,
Europe,A339,330N,216,215,JFK,LHR,LHR,JFK,1753,0600,0707,0930,1247,0817,NAC,,,,,,,
Europe,A339,330N,240,239,JFK,BCN,BCN,JFK,1813,0800,0747,1000,1304,0904,NAC,,,,,,,
Europe,A339,330N,270,271,JFK,ATH,ATH,JFK,1706,0915,0909,1105,1429,1024,NAC,,,,,,,
Europe,A339,330N,252,251,JFK,FCO,FCO,JFK,1857,0935,0838,1150,1550,1000,NAC,,,,,,,
Domestic,E145,EMJ,3610,3611,RDU,EVV,EVV,RDU,1000,1214,0214,1254,1521,0227,EMY,,,,,,,
Europe,A339,330N,256,255,AUS,LHR,LHR,AUS,1455,0651,0956,1102,1630,1128,NAC,,,,,,,
Europe,A339,330N,268,269,MIA,LHR,LHR,MIA,2030,1030,0900,1215,1745,1030,NAC,,,,,,,
Europe,A339,330N,264,263,MIA,MAD,MAD,MIA,2230,1325,0855,1500,1929,1029,NAC,,,,,,,
Europe,A339,330N,284,285,MIA,FCO,FCO,MIA,2210,1346,0936,1545,2048,1103,NAC,,,,,,,
Mexico,737/I,738K,144,145,MIA,CUN,CUN,MIA,1030,1126,0156,1230,1517,0147,NAC,,,,,,,
South America,A339,330N,946,947,MIA,GRU,GRU,MIA,1430,2355,0825,0130,0949,0919,NAC,,,,,,,
South America,A339,330N,972,973,MIA,SCL,SCL,MIA,2135,0620,0845,0800,1700,0900,NAC,,,,,,,
South America,A339,330N,975,976,MIA,EZE,EZE,MIA,2130,0742,0912,0905,1752,0947,NAC,,,,,,,
South America,A339,330N,966,967,MIA,GIG,GIG,MIA,2250,0824,0834,1000,1832,0932,NAC,,,,,,,
Mexico,A339,330N,142,143,DEN,CUN,CUN,DEN,1150,1622,0332,1617,1858,0341,OLD,,,,,,,
Pacific,A339,330N,471,470,HNL,SYD,SYD,HNL,1200,1833,1033,2108,1035,0927,AAH,,,,,,,
Hawaii,A339,330N,420,421,HNL,PDX,PDX,HNL,1212,2048,0536,0820,1143,0623,AAH,,,,,,,
Pacific,A339,330N,496,497,HNL,PPG,PPG,HNL,1300,1803,0603,0047,0730,0543,AAH,,,,,,,
Hawaii,A339,330N,12,11,HNL,SFO,SFO,HNL,1350,2138,0448,2228,0058,0530,AAH,,,,,,,
Asia,A339,330N,878,879,SFO,HND,HND,SFO,1407,1700,1053,0448,2220,0932,AAH,,,,,,,
Pacific,A339,330N,491,490,HNL,PPT,PPT,HNL,1550,2151,0601,2326,0540,0614,AAH,,,,,,,
Pacific,A339,330N,493,492,HNL,PPG,PPG,HNL,1630,2133,0603,2317,0600,0543,AAH,,,,,,,
Alaska,A339,330N,82,83,PDX,ANC,ANC,PDX,1805,2045,0340,0140,0600,0320,AAH,,,,,,,
Asia,A339,330N,5,6,PDX,HND,HND,PDX,2010,2228,1018,0058,1801,0903,AAH,,,,,,,
Europe,A339,330N,1,2,PDX,LHR,LHR,PDX,2040,1354,0914,1524,1733,1009,AAH,,,,,,,
Asia,737/D,330N,,,SFO,ICN,ICN,SFO,2115,0100,1145,0330,2156,1026,AAH,,,,,,,
Europe,A339,330N,,,SFO,LHR,LHR,SFO,2205,1607,1002,1737,2043,1106,OLD,,,,,,,
Asia,A339,330N,875,876,HNL,HND,HND,HNL,2210,0130,0820,0300,1513,0713,AAH,,,,,,,
Hawaii,A339,330N,808,809,HNL,LAS,LAS,HNL,2335,0800,0525,0500,0814,0614,AAH,,,,,,,
Asia,A339,330N,871,872,HNL,FUK,FUK,HNL,,,0925,,,0809,AAH,,2355,0420,0550,1859,0130,0130
Alaska,737/I,73G,98,99,JNU,ANC,ANC,JNU,0500,0702,0202,0752,0942,0150,AUR,,,,,,,
Alaska,737/I,73G,141,141,ADK,CDB,CDB,ADK,0500,0755,0155,0845,0953,0208,AUR,,,,,,,
Alaska,737/I,73G,116,116,WRG,KTN,KTN,WRG,0500,0613,0113,0703,0816,0113,AUR,,,,,,,
Alaska,737/I,73G,98,98,KTN,SIT,SIT,KTN,0500,0621,0121,0711,0829,0118,AUR,,,,,,,
Alaska,737/D,73G,114,115,ANC,SEA,SEA,ANC,0650,1113,0323,1203,1449,0346,AUR,,,,,,,
Alaska,737/D,73G,514,515,ANC,BET,BET,ANC,0720,0903,0143,0953,1127,0134,AUR,,,,,,,
Alaska,737/D,73G,116,117,ANC,JNU,JNU,ANC,0935,1125,0150,1215,1417,0202,AUR,,,,,,,
Alaska,737/D,73G,102,103,ANC,FAI,FAI,ANC,1050,1214,0124,1304,1430,0126,AUR,,,,,,,
Domestic,737/D,73G,664,669,BOS,MSY,MSY,BOS,1055,1336,0341,1421,1837,0316,OLD,,,,,,,
Alaska,737/I,73G,116,116,JNU,PSG,PSG,JNU,1100,1215,0115,1305,1421,0116,AUR,,,,,,,
Domestic,737/D,73G,1780,1781,PDX,SMF,SMF,PDX,1105,1249,0144,1334,1519,0145,AUR,,,,,,,
Domestic,737/D,73G,1290,1291,PDX,SNA,SNA,PDX,1250,1514,0224,1559,1828,0229,AUR,,,,,,,
Alaska,737/D,73G,90,91,ANC,PDX,PDX,ANC,1320,1754,0334,1844,2141,0357,AUR,,,,,,,
Alaska,737/I,73G,117,117,SEA,KTN,KTN,SEA,1555,1706,0211,1756,2058,0202,AUR,,,,,,,
Domestic,737/D,73G,2422,2455,PDX,RNO,RNO,PDX,1640,1820,0140,1905,2048,0143,AUR,,,,,,,
Alaska,737/I,73G,117,117,WRG,PSG,PSG,WRG,1700,1811,0111,1901,2012,0111,AUR,,,,,,,
Alaska,737/I,73G,99,99,JNU,SIT,SIT,JNU,1700,1814,0114,1904,2017,0113,AUR,,,,,,,
Domestic,737/D,73G,2351,1159,PDX,FAT,FAT,PDX,1740,1939,0159,2024,2226,0202,AUR,,,,,,,
Alaska,737/D,73G,140,140,ANC,CDB,CDB,ANC,1805,2012,0207,2102,2258,0156,AUR,,,,,,,
Alaska,737/D,73G,70,71,ANC,ADQ,ADQ,ANC,2125,2250,0125,2340,0104,0124,AUR,,,,,,,
Alaska,737/D,73G,72,73,ANC,BRW,BRW,ANC,2250,0103,0213,0810,1019,0209,AUR,,,,,,,
Alaska,737/D,73G,98,99,PDX,KTN,KTN,PDX,2310,0032,0222,0530,0844,0214,AUR,,,,,,,
Domestic,737/D,738K,234,233,BOS,IAH,IAH,BOS,1200,1512,0412,1557,2038,0341,AAA,,,,,,,
Domestic,737/D,738K,1865,1842,BOS,DEN,DEN,BOS,1930,2152,0422,2237,0430,0353,AAA,,,,,,,
Domestic,737/D,738K,2004,2004,IAD,AUS,AUS,IAD,1235,1450,0315,1535,2030,0355,AAA,,,,,,,
Domestic,737/D,738K,2016,2017,IAD,AUS,AUS,IAD,2144,2359,0315,0600,1055,0355,AAA,,,,,,,
Caribbean,737/I,738K,956,955,MIA,SDQ,SDQ,MIA,2136,2355,0219,0700,0934,0234,NAC,,,,,,,
Caribbean,737/I,738K,934,935,MIA,KIN,KIN,MIA,1805,1859,0154,0700,0959,0159,NAC,,,,,,,
Caribbean,737/I,738K,718,719,MIA,BGI,BGI,MIA,1808,2150,0342,0650,1102,0412,NAC,,,,,,,
Caribbean,737/I,738K,1966,1966,MIA,STX,STX,MIA,1746,2055,0309,0900,1145,0245,NAC,,,,,,,
Caribbean,737/I,738K,2284,2321,MIA,PUJ,PUJ,MIA,0710,0936,0226,1035,1318,0243,NAC,,,,,,,
Caribbean,737/D,738K,2041,2041,MIA,HAV,HAV,MIA,1010,1135,0125,1225,1347,0122,NAC,,,,,,,
Caribbean,737/I,738K,1983,1983,MIA,MBJ,MBJ,MIA,0950,1038,0148,1130,1422,0152,NAC,,,,,,,
Caribbean,737/I,738K,910,910,MIA,KIN,KIN,MIA,1045,1139,0154,1230,1529,0159,NAC,,,,,,,
Caribbean,737/I,738K,3038,3039,JFK,MBJ,MBJ,JFK,0700,0949,0349,1050,1533,0343,NAC,,,,,,,
Caribbean,737/I,738K,3014,3015,JFK,PUJ,PUJ,JFK,0715,1058,0343,1200,1550,0350,NAC,,,,,,,
Caribbean,737/I,738K,3914,3915,MIA,PLS,PLS,MIA,1100,1251,0151,1350,1552,0202,NAC,,,,,,,
Domestic,320/D,321K,984,991,RDU,EWR,EWR,RDU,1305,1442,0137,1530,1712,0142,NAC,,,,,,,
Caribbean,737/I,738K,1608,1608,MIA,SDQ,SDQ,MIA,1045,1304,0219,1405,1650,0245,NAC,,,,,,,
Caribbean,737/I,738K,576,579,ORD,SJU,SJU,ORD,0620,1201,0441,1301,1653,0452,NAC,,,,,,,
Caribbean,737/I,738K,2966,2967,ORD,PUJ,PUJ,ORD,0705,1237,0432,1340,1720,0440,NAC,,,,,,,
Caribbean,737/I,738K,278,279,MIA,SXM,SXM,MIA,1016,1315,0259,1415,1738,0323,NAC,,,,,,,
Caribbean,737/I,738K,3010,3011,JFK,BDA,BDA,JFK,1215,1526,0211,1626,1748,0222,NAC,,,,,,,
Caribbean,737/I,738K,1246,1247,AUS,GCM,GCM,AUS,1021,1325,0304,1425,1752,0327,NAC,,,,,,,
Caribbean,737/I,738K,750,755,AUS,MBJ,MBJ,AUS,0940,1307,0327,1400,1754,0354,NAC,,,,,,,
Domestic,320/D,321K,2008,2009,RDU,EWR,EWR,RDU,2218,2355,0137,0605,0747,0142,NAC,,,,,,,
Caribbean,737/I,738K,936,937,MIA,MBJ,MBJ,MIA,1335,1423,0148,1520,1812,0152,NAC,,,,,,,
Domestic,737/D,738K,1987,1987,RDU,EWR,EWR,RDU,1831,2008,0137,0730,0912,0142,NAC,,,,,,,
Caribbean,737/I,738K,1992,1992,MIA,SKB,SKB,MIA,1115,1419,0304,1520,1849,0329,NAC,,,,,,,
Caribbean,737/D,738K,2256,2257,MIA,VRA,VRA,MIA,1510,1631,0121,1730,1850,0120,NAC,,,,,,,
Caribbean,737/I,738K,846,847,AUS,NAS,NAS,AUS,1135,1540,0305,1630,1902,0332,NAC,,,,,,,
Caribbean,737/I,738K,3078,3079,MIA,STX,STX,MIA,1225,1515,0250,1615,1927,0312,NAC,,,,,,,
Caribbean,737/I,738K,2978,2979,MIA,BGI,BGI,MIA,1043,1425,0342,1525,1937,0412,NAC,,,,,,,
Domestic,737/D,738M,2385,2385,RDU,EWR,EWR,RDU,0750,0927,0137,1017,1159,0142,NAC,,,,,,,
Caribbean,737/I,738K,2073,2073,MIA,NAS,NAS,MIA,1625,1743,0118,1833,1955,0122,NAC,,,,,,,
Domestic,320/D,319W,1416,1463,RDU,EYW,EYW,RDU,0915,1137,0222,1217,1435,0218,NAC,,,,,,,
Caribbean,737/I,738K,1152,1153,MIA,HAV,HAV,MIA,1630,1755,0125,1855,2017,0122,NAC,,,,,,,
Caribbean,737/I,738K,1282,1283,AUS,PUJ,PUJ,AUS,0951,1515,0424,1615,2019,0504,NAC,,2305,2305,2350,2350,0045,0045
Caribbean,737/I,738K,724,729,BOS,PUJ,PUJ,BOS,1130,1526,0356,1625,2024,0359,NAC,,,,,,,
Caribbean,737/I,738K,3032,3033,JFK,BGI,BGI,JFK,0945,1426,0441,1525,2025,0500,NAC,,,,,,,
Caribbean,737/I,738K,938,939,MIA,SXM,SXM,MIA,1326,1625,0259,1725,2048,0323,NAC,,,,,,,
Caribbean,737/I,738K,1692,1691,MIA,SJU,SJU,MIA,1450,1730,0240,1830,2130,0300,NAC,,,,,,,
Central America,737/I,738K,1678,1679,AUS,SJO,SJO,AUS,2001,2250,0349,2359,0507,0408,NAC,,,,,,,
Central America,737/I,738K,2348,2377,MIA,XPL,XPL,MIA,2115,2155,0240,0600,1030,0230,NAC,,,,,,,
Central America,737/I,738K,834,839,MIA,SAL,SAL,MIA,2302,2355,0253,0600,1040,0240,NAC,,,,,,,
Central America,737/I,738K,1806,1807,MIA,SJO,SJO,MIA,2051,2150,0259,0600,1054,0254,NAC,,,,,,,
Central America,737/I,738K,236,235,MIA,GUA,GUA,MIA,0845,0939,0254,1040,1519,0239,NAC,,,,,,,
Central America,737/I,738K,1284,1285,AUS,GUA,GUA,AUS,1050,1247,0257,1255,1702,0307,NAC,,,,,,,
Central America,737/I,738K,314,315,MIA,SAL,SAL,MIA,1030,1123,0253,1225,1705,0240,NAC,,,,,,,
Central America,737/I,738K,1494,1494,MIA,BZE,BZE,MIA,1155,1218,0223,1255,1707,0212,NAC,,,,,,,
Central America,737/I,738K,926,927,MIA,SAP,SAP,MIA,1120,1154,0234,1255,1718,0223,NAC,,,,,,,
Central America,737/I,738K,318,318,AUS,SAL,SAL,AUS,0955,1204,0309,1305,1726,0321,NAC,,,,,,,
Central America,737/I,738K,1430,1473,MIA,XPL,XPL,MIA,0925,1005,0240,1305,1735,0230,NAC,,1125,1404,1449,1538,0045,0045
Central America,737/I,738K,372,373,MIA,GUA,GUA,MIA,1100,1154,0254,1350,1829,0239,NAC,,,,,,,
Central America,737/I,738K,2946,2947,AUS,LIR,LIR,AUS,1230,1510,0340,1405,1902,0357,NAC,,,,,,,
Central America,737/I,738K,320,321,AUS,SJO,SJO,AUS,1141,1430,0349,1430,1938,0408,NAC,,,,,,,
Central America,737/I,738K,296,297,AUS,RTB,RTB,AUS,1242,1440,0258,1540,1953,0313,NAC,,,,,,,
Central America,737/I,738K,1530,1561,MIA,SJO,SJO,MIA,1231,1330,0259,1530,2024,0254,NAC,,,,,,,
Central America,737/I,738K,1370,1371,MIA,LIR,LIR,MIA,1205,1304,0259,1610,2101,0251,NAC,,,,,,,
Central America,737/I,738K,940,941,MIA,SJO,SJO,MIA,1456,1555,0259,1655,2149,0254,NAC,,,,,,,
Domestic,737/D,738K,2440,2471,JFK,TPA,TPA,JFK,1750,2040,0250,2130,0009,0239,NAC,,,,,,,
Domestic,737/D,738K,3132,3133,AUS,BOI,BOI,AUS,1645,1923,0338,2008,0024,0316,NAC,,,,,,,
,,,,,,,,,,,,,,,,,,,,,,
Domestic,320/D,321R,2066,2101,PHX,SAN,SAN,PHX,2255,0028,0133,0645,0811,0126,NAC,,,,,,,
Domestic,737/D,738K,3264,3265,MIA,TPA,TPA,MIA,2228,2350,0122,0500,0619,0119,NAC,,,,,,,
Domestic,737/D,738K,2076,2109,AUS,RSW,RSW,AUS,2023,2357,0234,0600,0620,0120,NAC,,,,,,,
Mexico,737/I,738M,2976,2977,JFK,MEX,MEX,JFK,1845,2158,0513,2325,0603,0438,NAC,,,,,,,
Domestic,737/D,738K,2971,2971,AUS,OKC,OKC,AUS,2226,2359,0133,0500,0633,0133,NAC,,,,,,,
Domestic,320/D,319S,3154,3155,RDU,EYW,EYW,RDU,1335,1557,0222,1640,1858,0218,NAC,,,,,,,
Domestic,737/D,738K,2158,2193,AUS,MFE,MFE,AUS,2123,2250,0127,0510,0636,0126,NAC,,,,,,,
Domestic,737/D,738K,896,903,AUS,OMA,OMA,AUS,2209,2347,0138,0505,0643,0138,NAC,,1540,1757,1842,2056,0045,0045
Domestic,737/D,738K,2068,2103,AUS,IAH,IAH,AUS,2244,2359,0115,0545,0703,0118,NAC,,,,,,,
Domestic,737/D,738K,2958,2959,AUS,JAX,JAX,AUS,2026,2355,0229,0515,0706,0251,NAC,,,,,,,
Domestic,E190,E95,3440,3441,RDU,EYW,EYW,RDU,0705,0932,0227,1012,1230,0218,PFT,,,,,,,
Domestic,737/D,738K,3424,3425,AUS,ATL,ATL,AUS,2135,0026,0151,0601,0716,0215,NAC,,,,,,,
Domestic,737/D,738K,1034,1035,AUS,STL,STL,AUS,2148,2355,0207,0505,0722,0217,NAC,,,,,,,
Domestic,737/D,738K,1192,1207,MIA,PHL,PHL,MIA,2118,2359,0241,0500,0748,0248,NAC,,,,,,,
Domestic,E145,EMJ,5836,5837,RDU,FAY,FAY,RDU,2305,2355,0050,0600,0650,0050,EMY,,,,,,,
Domestic,B756,75S,662,663,LAX,MIA,MIA,LAX,1025,1824,0459,1909,2148,0539,NAC,,,,,,,
Domestic,737/D,738K,696,703,MIA,BWI,BWI,MIA,2120,2354,0234,0525,0804,0239,NAC,,,,,,,
Domestic,737/D,738K,2002,2002,AUS,ABQ,ABQ,AUS,2249,2356,0207,0510,0805,0155,NAC,,,,,,,
Domestic,737/D,738K,2434,2465,AUS,EWR,EWR,AUS,1935,0005,0330,0507,0807,0400,NAC,,,,,,,
Domestic,737/D,738K,2972,2973,MIA,MCO,MCO,MIA,2139,2259,0120,0700,0819,0119,NAC,,,,,,,
Domestic,737/D,738K,2316,2349,AUS,ORF,ORF,AUS,1950,2359,0309,0545,0822,0337,NAC,,,,,,,
Domestic,737/D,738K,3092,3093,MIA,ORF,ORF,MIA,2135,2353,0218,0600,0823,0223,NAC,,,,,,,
Domestic,737/D,738K,3172,3173,AUS,BNA,BNA,AUS,2141,2350,0209,0605,0829,0224,NAC,,,,,,,
Domestic,737/D,738K,2094,2095,MIA,BNA,BNA,MIA,2134,2259,0225,0515,0832,0217,NAC,,,,,,,
Domestic,737/D,738K,1688,1713,PHX,TPA,TPA,PHX,1517,2216,0359,0700,0838,0438,NAC,,,,,,,
Domestic,737/D,738K,918,923,PHX,STL,STL,PHX,1850,2353,0303,0710,0840,0330,NAC,,,,,,,
Domestic,737/D,738K,2080,2121,JFK,MIA,MIA,JFK,2101,2359,0258,0600,0849,0249,NAC,,,,,,,
Domestic,737/D,738K,610,615,MIA,STL,STL,MIA,2102,2259,0257,0505,0850,0245,NAC,,,,,,,
Domestic,737/D,738K,1716,1717,MIA,CLE,CLE,MIA,2100,2352,0252,0600,0850,0250,NAC,,,,,,,
Domestic,E145,EMJ,6056,6057,RDU,FAY,FAY,RDU,1220,1310,0050,1340,1430,0050,EMY,,,,,,,
Domestic,737/D,738K,1014,1037,MIA,BDL,BDL,MIA,2026,2327,0301,0550,0901,0311,NAC,,,,,,,
Domestic,E175,E7S,4262,4263,DCA,DTW,DTW,DCA,2300,0042,0142,0615,0750,0135,RBD,,,,,,,
Domestic,E145,EMJ,6038,6039,RDU,FAY,FAY,RDU,1710,1800,0050,1830,1920,0050,EMY,,,,,,,
Domestic,737/D,738K,2194,2229,PHX,ATL,ATL,PHX,1610,2235,0325,0752,0905,0413,NAC,,,,,,,
Domestic,320/D,321E,3200,3201,PHL,PDX,PDX,PHL,1705,2003,0558,0755,1602,0507,NAC,,,,,,,
Domestic,737/D,738K,726,731,PHX,IND,IND,PHX,1850,0117,0327,0810,0910,0400,NAC,,,,,,,
Domestic,320/D,321K,106,107,RDU,FLL,FLL,RDU,0700,0945,0245,1045,1330,0245,NAC,,,,,,,
Domestic,737/D,738K,230,229,MIA,MCO,MCO,MIA,0600,0720,0120,0805,0924,0119,NAC,,,,,,,
Domestic,737/D,738K,1550,1587,MIA,IAD,IAD,MIA,2135,0007,0232,0650,0925,0235,NAC,,,,,,,
Domestic,737/D,738K,1444,1489,AUS,LGA,LGA,AUS,1658,2130,0332,0630,0933,0403,NAC,,,,,,,
Domestic,737/D,738K,1944,1945,MIA,IAH,IAH,MIA,2050,2241,0251,0605,0935,0230,NAC,,,,,,,
Domestic,320/D,321K,218,217,RDU,FLL,FLL,RDU,1255,1540,0245,1640,1925,0245,NAC,,,,,,,
Domestic,320/D,321K,1926,1926,PHX,PDX,PDX,PHX,1005,1255,0250,1350,1628,0238,NAC,,0750,1040,1125,1403,0045,0045
Domestic,320/D,H205,1124,1125,PHX,PDX,PDX,PHX,2105,2355,0250,0605,0843,0238,NAC,,,,,,,
Domestic,737/D,738K,1673,1648,LGA,MIA,MIA,LGA,2150,0049,0259,0655,0945,0250,NAC,,,,,,,
Domestic,737/D,738K,1004,1009,AUS,BZN,BZN,AUS,2132,2357,0325,0555,1005,0310,NAC,,,,,,,
Domestic,737/D,738K,1670,1667,PHX,BNA,BNA,PHX,1748,2310,0322,0810,1005,0355,NAC,,,,,,,
Domestic,737/D,738K,3098,3099,AUS,BOI,BOI,AUS,2043,2321,0338,0611,1027,0316,NAC,,0705,0705,0750,0750,0045,0045
Domestic,737/D,738K,498,519,MIA,MSP,MSP,MIA,2110,2359,0349,0555,1028,0333,NAC,,,,,,,
Domestic,320/D,321E,720,723,PHX,SAN,SAN,PHX,0911,1044,0133,1144,1310,0126,NAC,,,,,,,
Domestic,737/D,738K,2408,2439,AUS,DCA,DCA,AUS,0705,0930,0125,1015,1036,0121,NAC,,,,,,,
Domestic,737/D,738K,3218,3219,AUS,RNO,RNO,AUS,2213,2359,0346,0521,1039,0318,NAC,,,,,,,
Domestic,737/D,738K,1632,1657,AUS,DFW,DFW,AUS,0805,0912,0107,1005,1125,0120,NAC,,,,,,,
Domestic,737/D,738K,356,351,AUS,STL,STL,AUS,0639,0846,0207,0926,1143,0217,NAC,,,,,,,
Domestic,737/D,738K,1912,1911,MIA,SAT,SAT,MIA,2035,2249,0314,0850,1239,0249,NAC,,,,,,,
Domestic,737/D,738K,458,461,MIA,ORD,ORD,MIA,2156,2355,0259,0835,1242,0307,NAC,,,,,,,
Domestic,737/D,738K,2044,2045,MIA,JFK,JFK,MIA,0605,0854,0249,0950,1248,0258,NAC,,,,,,,
Domestic,737/D,738K,1776,1811,BOS,PHL,PHL,BOS,0915,1045,0130,1130,1255,0125,NAC,,,,,,,
Domestic,737/D,738K,1026,1027,AUS,PHX,PHX,AUS,0715,0754,0239,0839,1259,0220,NAC,,,,,,,
Domestic,737/D,738K,2052,2083,AUS,ELP,ELP,AUS,0730,0828,0158,1015,1301,0146,NAC,,,,,,,
Domestic,737/D,738K,1512,1545,DFW,ORD,ORD,DFW,0750,0955,0205,1040,1301,0221,NAC,,,,,,,
Domestic,737/D,738K,2058,2087,PHX,LAS,LAS,PHX,0915,1042,0127,1140,1303,0123,NAC,,,,,,,
Domestic,737/D,738K,2128,2169,MCI,ORD,ORD,MCI,0610,0734,0124,0819,1008,0149,CARGO,,,,,,,
Domestic,737/D,738K,686,693,MCI,SNA,SNA,MCI,0955,1136,0341,1225,1736,0311,CARGO,,,,,,,
Domestic,737/D,738K,3094,3095,LGA,ORD,ORD,LGA,0755,0906,0211,1005,1317,0212,NAC,,,,,,,
Domestic,737/D,738M,2162,2199,PHX,SAN,SAN,PHX,1250,1423,0133,1508,1634,0126,NAC,,,,,,,
Domestic,737/D,738K,830,831,AUS,ABQ,ABQ,AUS,0845,0952,0207,1032,1327,0155,NAC,,,,,,,
Domestic,737/D,738K,976,981,MIA,MCO,MCO,MIA,1005,1125,0120,1210,1329,0119,NAC,,,,,,,
Domestic,320/D,H319,442,447,PHX,LAS,LAS,PHX,1450,1617,0127,1703,1826,0123,NAC,,,,,,,
Domestic,737/D,738K,1406,1451,AUS,BOI,BOI,AUS,0610,0848,0338,0933,1349,0316,NAC,,,,,,,
Caribbean,320/I,319W,1702,1702,RDU,FPO,FPO,RDU,1130,1332,0202,1420,1622,0202,NAC,,,,,,,
Domestic,737/D,738K,1878,1905,JFK,TPA,TPA,JFK,0740,1030,0250,1120,1359,0239,NAC,,2305,0337,0505,0808,0045,0045
Domestic,737/D,738K,634,635,MCI,DTW,DTW,MCI,1019,1315,0156,1405,1514,0209,CARGO,,,,,,,
Domestic,737/D,738K,3006,3007,MCI,ORD,ORD,MCI,1200,1324,0124,1409,1558,0149,CARGO,,,,,,,
Domestic,737/D,738K,2024,2025,BOS,MIA,MIA,BOS,0650,1010,0320,1055,1403,0308,NAC,,,,,,,
Domestic,737/D,738K,3896,3897,BOS,PBI,PBI,BOS,0705,1018,0313,1103,1404,0301,NAC,,,,,,,
Domestic,737/D,738K,1275,1275,AUS,OKC,OKC,AUS,1022,1155,0133,1245,1418,0133,NAC,,,,,,,
Domestic,737/D,738K,1722,1721,MCI,MSP,MSP,MCI,1305,1441,0136,1526,1703,0137,CARGO,,,,,,,
Domestic,737/D,738K,1720,1751,MCI,PHX,PHX,MCI,1630,1731,0301,1816,2255,0239,CARGO,,,,,,,
Caribbean,737/I,738K,1820,1817,RDU,GCM,GCM,RDU,0923,1125,0302,1225,1623,0258,NAC,,,,,,,
Domestic,737/D,738K,1884,1883,AUS,LGA,LGA,AUS,0558,1030,0332,1140,1443,0403,NAC,,1750,2222,2307,0210,0045,0045
Domestic,737/D,738K,1306,1333,PHX,ORD,ORD,PHX,0650,1202,0312,1247,1446,0359,NAC,,,,,,,
Domestic,737/D,738K,1958,1963,MCI,MSP,MSP,MCI,1655,1831,0136,1916,2053,0137,CARGO,,,,,,,
Domestic,737/D,738K,3044,3045,MCI,DTW,DTW,MCI,1805,2101,0156,2146,2255,0209,CARGO,,,,,,,
Domestic,737/D,738K,244,243,MCI,LGA,LGA,MCI,1820,2205,0245,0605,0815,0310,CARGO,,,,,,,
Domestic,737/D,738K,2224,2255,AUS,ATL,ATL,AUS,0955,1246,0151,1336,1451,0215,NAC,,,,,,,
Domestic,737/D,738K,2088,2133,MCI,BNA,BNA,MCI,2032,2215,0143,0635,0827,0152,CARGO,,,,,,,
Domestic,737/D,738K,1386,1387,MCI,ABQ,ABQ,MCI,2315,0035,0220,0650,0955,0205,CARGO,,,,,,,
Domestic,737/D,738K,3112,3113,MIA,EWR,EWR,MIA,0820,1109,0249,1200,1457,0257,NAC,,,,,,,
Domestic,Q400,DH4,2356,2357,LAX,MMH,MMH,LAX,1300,1424,0124,1509,1622,0113,SSX,,,,,,,
Domestic,Q400,DH4,2374,2375,LAX,MRY,MRY,LAX,1855,2022,0127,2107,2220,0113,SSX,,,,,,,
Domestic,320/D,H205,1729,1729,PHX,ONT,ONT,PHX,0900,1035,0135,1120,1248,0128,NAC,,,,,,,
Domestic,E175,E7W,3480,3481,RDU,GNV,GNV,RDU,2125,2305,0140,0600,0740,0140,EMY,,,,,,,
Domestic,737/D,738K,1362,1381,AUS,MSY,MSY,AUS,1115,1253,0138,1350,1538,0148,NAC,,,,,,,
Domestic,737/D,738K,1008,1013,MIA,IAH,IAH,MIA,0910,1101,0251,1210,1540,0230,NAC,,,,,,,
Domestic,737/D,738K,2071,2071,AUS,JFK,JFK,AUS,1628,2100,0332,1245,1548,0403,NAC,,,,,,,
Domestic,737/D,738K,3880,3881,AUS,CLE,CLE,AUS,0840,1235,0255,1335,1551,0316,NAC,,,,,,,
Domestic,E175,E7W,4424,4425,RDU,GRR,GRR,RDU,1655,1845,0150,1930,2120,0150,RBD,,2340,0107,0600,0726,0045,0045
Domestic,737/D,738K,704,2311,PHX,SFO,SFO,PHX,1050,1301,0211,1400,1558,0158,NAC,,,,,,,
Domestic,320/D,319W,366,359,RDU,GSO,GSO,RDU,0327,1510,1143,1032,1144,0112,NAC,,,,,,,
Domestic,E175,E7W,4252,4253,DCA,DTW,DTW,DCA,1135,1323,0148,1408,1547,0139,RBD,,,,,,,
Domestic,737/D,738K,842,842,MIA,BOS,BOS,MIA,0850,1158,0308,1243,1603,0320,NAC,,,,,,,
Domestic,320/D,319W,582,581,RDU,GSO,GSO,RDU,1216,2359,1143,0510,1653,1143,NAC,,,,,,,
Domestic,737/D,738K,1028,1029,AUS,RSW,RSW,AUS,0955,1329,0234,1409,1605,0256,NAC,,,,,,,
Domestic,737/D,738K,1814,1809,AUS,IAH,IAH,AUS,1250,1405,0115,1450,1608,0118,NAC,,,,,,,
Domestic,737/D,738K,1030,1031,AUS,BNA,BNA,AUS,1045,1254,0209,1345,1609,0224,NAC,,,,,,,
Domestic,E145,EMJ,3584,3585,RDU,GSO,GSO,RDU,0640,0753,0113,0838,0950,0112,EMY,,,,,,,
Domestic,737/D,738K,2050,2081,AUS,JAX,JAX,AUS,1010,1339,0229,1429,1620,0251,NAC,,,,,,,
Domestic,737/D,738K,632,637,AUS,OMA,OMA,AUS,1227,1405,0138,1450,1628,0138,NAC,,,,,,,
Domestic,737/D,738K,1742,1739,AUS,MFE,MFE,AUS,1250,1417,0127,1503,1629,0126,NAC,,,,,,,
Domestic,737/D,738K,767,767,AUS,BOI,BOI,AUS,0841,1119,0338,1215,1631,0316,NAC,,,,,,,
Domestic,737/D,738K,710,711,AUS,MIA,MIA,AUS,1010,1355,0245,1445,1654,0309,NAC,,,,,,,
Domestic,737/D,738K,3920,3921,MIA,JFK,JFK,MIA,1025,1314,0249,1359,1657,0258,NAC,,,,,,,
Domestic,737/D,738K,798,799,AUS,MTJ,MTJ,AUS,1125,1254,0229,1350,1706,0216,NAC,,,,,,,
Domestic,737/D,738K,1438,1485,AUS,ORF,ORF,AUS,0928,1337,0309,1430,1707,0337,NAC,,,,,,,
Domestic,E145,EMJ,3566,3567,RDU,GSO,GSO,RDU,1550,1703,0113,1748,1900,0112,EMY,,,,,,,
Domestic,737/D,738K,2012,2012,AUS,PBI,PBI,AUS,1035,1419,0244,1503,1711,0308,NAC,,,,,,,
Domestic,737/D,738K,3228,3229,MIA,BNA,BNA,MIA,1145,1310,0225,1400,1717,0217,NAC,,,,,,,
Domestic,737/D,738K,1098,1107,AUS,IND,IND,AUS,1115,1443,0228,1535,1717,0242,NAC,,,,,,,
Domestic,737/D,738K,1376,1423,AUS,BUR,BUR,AUS,1010,1137,0327,1227,1727,0300,NAC,,,,,,,
Domestic,737/D,738K,2918,2919,PHX,IND,IND,PHX,0915,1542,0327,1630,1730,0400,NAC,,,,,,,
Domestic,737/D,738K,1952,1955,PHX,STL,STL,PHX,1035,1538,0303,1603,1733,0330,NAC,,,,,,,
Domestic,737/D,738K,354,357,MIA,IND,IND,MIA,1116,1405,0249,1500,1741,0241,NAC,,,,,,,
Domestic,737/D,738K,2296,2335,PHX,ORD,ORD,PHX,0945,1457,0312,1542,1741,0359,NAC,,,,,,,
Domestic,737/D,738K,738,737,AUS,PHX,PHX,AUS,1200,1239,0239,1324,1744,0220,NAC,,,,,,,
Domestic,737/D,738K,3818,3819,JFK,SAT,SAT,JFK,0910,1222,0412,1325,1804,0339,NAC,,,,,,,
Domestic,E175,E7S,4370,4371,LGA,DTW,DTW,LGA,2003,2205,0202,0642,0825,0143,RBD,,0620,0745,0830,0951,0045,0045
Domestic,737/D,738K,1634,1634,AUS,BWI,BWI,AUS,1049,1501,0312,1526,1806,0340,NAC,,,,,,,
Domestic,737/D,738K,1624,1645,PHX,SFO,SFO,PHX,1910,2121,0211,1612,1810,0158,NAC,,,,,,,
Domestic,737/D,738K,1118,1119,AUS,RNO,RNO,AUS,1025,1211,0346,1255,1813,0318,NAC,,,,,,,
Domestic,E175,E7W,3484,3485,RDU,GSP,GSP,RDU,1600,1730,0130,1805,1930,0125,EMY,,,,,,,
Domestic,E175,E7W,6256,6257,LAX,MRY,MRY,LAX,1720,1847,0127,1932,2045,0113,SSX,,,,,,,
Domestic,737/D,738K,1792,796,AUS,JFK,JFK,AUS,0958,1430,0332,1530,1833,0403,NAC,,,,,,,
Domestic,737/D,738K,446,447,PHX,FLL,FLL,PHX,0830,1549,0419,1635,1837,0502,NAC,,,,,,,
Domestic,737/D,738K,1470,1471,MIA,CHS,CHS,MIA,1420,1606,0146,1651,1837,0146,NAC,,,,,,,
Domestic,737/D,738K,853,853,AUS,MSO,MSO,AUS,1045,1330,0345,1415,1841,0326,NAC,,,,,,,
Domestic,737/D,738K,961,961,PHX,MSY,MSY,PHX,1125,1631,0306,1716,1851,0335,NAC,,,,,,,
Domestic,737/D,738K,2242,2275,PHX,SAT,SAT,PHX,1337,1755,0218,1840,1915,0235,NAC,,,,,,,
Domestic,737/D,738K,2142,2179,BOS,RSW,RSW,BOS,1205,1525,0320,1610,1916,0306,NAC,,,,,,,
Domestic,737/D,738K,1758,1793,JFK,PHX,PHX,JFK,1000,1228,0528,1143,1924,0441,NAC,,,,,,,
Domestic,737/D,738K,1092,1099,MIA,LGA,LGA,MIA,1255,1545,0250,1630,1929,0259,NAC,,,,,,,
Domestic,737/D,738K,3072,3073,MIA,MSY,MSY,MIA,1430,1544,0214,1629,1930,0201,NAC,,,,,,,
Domestic,E175,E7W,3530,3531,LAX,MSO,MSO,LAX,0625,0955,0230,1040,1205,0225,EMY,,,,,,,
Domestic,737/D,738K,886,887,JFK,MIA,MIA,JFK,1300,1558,0258,1643,1932,0249,NAC,,,,,,,
Domestic,320/D,319W,4512,4513,LAX,OAK,OAK,LAX,1510,1643,0133,1728,1847,0119,PFT,,,,,,,
Domestic,320/D,H205,4486,4487,LAX,OAK,OAK,LAX,2015,2148,0133,2233,2352,0119,PFT,,,,,,,
Domestic,737/D,738K,1056,1067,LGA,BNA,BNA,LGA,1425,1551,0226,1640,1950,0210,NAC,,,,,,,
Domestic,737/D,738K,262,261,BOS,FLL,FLL,BOS,1245,1602,0317,1647,1952,0305,NAC,,,,,,,
Domestic,737/D,738K,1908,1933,AUS,STL,STL,AUS,1448,1655,0207,1735,1952,0217,NAC,,,,,,,
Domestic,E175,E7S,4386,4387,RDU,HHH,HHH,RDU,0850,1035,0145,1105,1250,0145,RBD,,,,,,,
Domestic,737/D,738K,336,329,PHX,ORD,ORD,PHX,1200,1712,0312,1757,1956,0359,NAC,,,,,,,
Hawaii,320/I,321E,488,489,LAX,OGG,OGG,LAX,1248,1550,0602,1650,0057,0507,NAC,,,,,,,
Domestic,737/D,738K,2067,2067,PHX,BOS,BOS,PHX,0825,1622,0457,1720,2007,0547,NAC,,,,,,,
Domestic,737/D,738K,574,575,LGA,PBI,PBI,LGA,1350,1641,0251,1735,2018,0243,NAC,,0705,1137,1222,1525,0045,0045
Domestic,737/D,738K,1700,1701,AUS,EWR,EWR,AUS,1159,1629,0330,1719,2019,0400,NAC,,,,,,,
Domestic,737/D,738K,762,763,PHX,CMH,CMH,PHX,1118,1805,0347,1855,2019,0424,NAC,,,,,,,
Hawaii,320/I,321E,491,491,LAX,OGG,OGG,LAX,1810,2121,0611,2211,0618,0507,NAC,,,,,,,
Domestic,737/D,738K,1874,1873,PHX,ORD,ORD,PHX,1230,1742,0312,1827,2026,0359,NAC,,,,,,,
Domestic,E175,E7W,3316,3317,RDU,HHH,HHH,RDU,1155,1326,0131,1357,1525,0128,EMY,,,,,,,
Domestic,737/D,738K,882,883,MIA,DCA,DCA,MIA,1501,1732,0231,1812,2048,0236,NAC,,,,,,,
Domestic,737/D,738K,2023,2023,AUS,OMA,OMA,AUS,1535,1750,0215,1830,2048,0218,NAC,,,,,,,
Domestic,E175,E7W,6206,6207,LAX,OMA,OMA,LAX,0905,1415,0310,1445,1613,0328,SSX,,,,,,,
Domestic,737/D,738K,705,705,AUS,MSY,MSY,AUS,1656,1834,0138,1909,2057,0148,NAC,,0850,1322,1407,1710,0045,0045
Domestic,737/D,738K,3936,3937,JFK,MIA,MIA,JFK,1430,1728,0258,1813,2102,0249,NAC,,1735,1927,2012,2344,0045,0045
Domestic,737/D,738K,2444,2473,MIA,ORD,ORD,MIA,1415,1614,0259,1659,2106,0307,NAC,,,,,,,
Domestic,737/D,738K,790,791,MIA,MCO,MCO,MIA,1745,1905,0120,1950,2109,0119,NAC,,,,,,,
Domestic,E175,E7W,6208,6209,LAX,OMA,OMA,LAX,1832,2355,0323,0600,0748,0348,SSX,,,,,,,
Domestic,737/D,738K,3238,3239,AUS,DCA,DCA,AUS,1750,2015,0125,2100,2121,0121,NAC,,,,,,,
Domestic,737/D,738K,3968,3969,LGA,MSY,MSY,LGA,1430,1647,0317,1740,2136,0256,NAC,,,,,,,
Domestic,737/D,738K,1718,1719,MIA,JAX,JAX,MIA,1750,1922,0132,2012,2143,0131,NAC,,,,,,,
Domestic,737/D,738K,1502,1537,AUS,MIA,MIA,AUS,0755,1140,0245,1935,2144,0309,NAC,,,,,,,
Domestic,737/D,738K,1182,1183,LGA,RSW,RSW,LGA,1510,1808,0258,1858,2146,0248,NAC,,,,,,,
Domestic,737/D,738K,3158,3159,DFW,SFO,SFO,DFW,2232,0028,0356,1635,2147,0312,NAC,,,,,,,
Domestic,737/D,738K,3115,3115,MIA,MSY,MSY,MIA,1650,1804,0214,1849,2150,0201,NAC,,,,,,,
Domestic,737/D,738K,2326,2361,PHX,ORD,ORD,PHX,1500,2012,0312,2000,2159,0359,NAC,,,,,,,
Domestic,737/D,738K,821,820,BOS,AUS,AUS,BOS,1300,1626,0426,1711,2203,0352,NAC,,,,,,,
Domestic,737/D,738K,1180,1199,AUS,MSY,MSY,AUS,1802,1940,0138,2020,2208,0148,NAC,,,,,,,
Domestic,737/D,738K,1998,1999,MIA,AUS,AUS,MIA,1530,1735,0305,1830,2212,0242,NAC,,,,,,,
Domestic,737/D,738K,708,709,AUS,MCO,MCO,AUS,1610,1943,0233,2035,2230,0255,NAC,,,,,,,
Domestic,737/D,738K,410,413,MIA,JFK,JFK,MIA,1600,1849,0249,1934,2232,0258,NAC,,,,,,,
Domestic,737/D,738K,1676,1677,AUS,JFK,JFK,AUS,1358,1830,0332,1930,2233,0403,NAC,,,,,,,
Domestic,737/D,738K,1690,1723,AUS,BOI,BOI,AUS,1500,1738,0338,1823,2239,0316,NAC,,,,,,,
Domestic,737/D,738K,3212,3213,AUS,ELP,ELP,AUS,1715,1813,0158,2000,2246,0146,NAC,,,,,,,
Domestic,737/D,738K,1916,1917,AUS,FLL,FLL,AUS,1615,2000,0245,2045,2254,0309,NAC,,,,,,,
Domestic,737/D,738K,3162,3163,MIA,BOS,BOS,MIA,1545,1853,0308,1938,2258,0320,NAC,,,,,,,
Domestic,737/D,738K,820,821,AUS,BOS,BOS,AUS,1400,1852,0352,1937,2303,0426,NAC,,,,,,,
Domestic,737/D,738K,3294,3295,PHX,AUS,AUS,PHX,1725,2145,0220,2230,2309,0239,NAC,,,,,,,
Domestic,737/D,738K,1600,1600,AUS,BNA,BNA,AUS,1757,2006,0209,2046,2310,0224,NAC,,,,,,,
Domestic,737/D,738K,2048,2077,MIA,BNA,BNA,MIA,1745,1910,0225,2000,2317,0217,NAC,,,,,,,
Domestic,737/D,738K,1318,1319,LAX,ORD,ORD,LAX,1215,1759,0344,1844,2113,0429,NAC,,,,,,,
Domestic,737/D,738K,2188,2227,PHX,ORD,ORD,PHX,1555,2107,0312,2152,2351,0359,NAC,,,,,,,
Domestic,E175,E7W,3552,3553,RDU,HHH,HHH,RDU,1650,1821,0131,1906,2034,0128,EMY,,,,,,,
Domestic,737/D,738K,2902,2903,MIA,EWR,EWR,MIA,1730,2019,0249,2100,2357,0257,NAC,,1750,1950,2035,0203,0045,0045
Domestic,737/D,738K,1564,1601,AUS,DCA,DCA,AUS,2133,2358,0125,0600,0621,0121,NAC,,,,,,,
Domestic,E175,E7W,4138,4139,JFK,MEM,MEM,JFK,1250,1456,0306,1541,1922,0241,RBD,,,,,,,
Mexico,737/D,738K,3278,3279,AUS,GDL,GDL,AUS,2251,0010,0219,0510,0822,0212,NAC,,,,,,,
Domestic,E190,E95,4898,4899,RDU,HPN,HPN,RDU,0945,1125,0140,1210,1356,0146,PFT,,,,,,,
Mexico,320/I,321K,2944,2945,PHL,CUN,CUN,PHL,1005,1252,0347,1350,1821,0331,NAC,,,,,,,
Domestic,E190,E95,4632,4633,RDU,HPN,HPN,RDU,1755,1935,0140,2020,2206,0146,PFT,,,,,,,
Mexico,320/I,321E,638,647,PHX,CUN,CUN,PHX,1025,1618,0353,1715,1940,0425,NAC,,,,,,,
Domestic,320/D,319W,216,215,LAX,PDX,PDX,LAX,0725,0950,0225,1035,1245,0210,AAA,,,,,,,
Mexico,737/I,738M,3126,3127,PHX,CUN,CUN,PHX,1310,1907,0357,0800,1031,0431,NAC,,,,,,,
Domestic,320/D,319W,2096,2129,LAX,PDX,PDX,LAX,1050,1315,0225,1400,1610,0210,AAA,,,,,,,
Mexico,737/D,738K,1044,1053,AUS,GDL,GDL,AUS,1201,1320,0219,1415,1727,0212,NAC,,,,,,,
Domestic,E175,E7W,4138,4139,JFK,MEM,MEM,JFK,1250,1456,0306,1541,1922,0241,RBD,,,,,,,
Domestic,737/D,738R,739,734,LAX,PDX,PDX,LAX,1105,1330,0225,0815,1025,0210,AUR,,,,,,,
Domestic,E145,EMJ,6122,6123,RDU,HSV,HSV,RDU,2224,2314,0150,0605,0844,0139,EMY,,,,,,,
Domestic,320/D,319W,3226,3227,MIA,MEM,MEM,MIA,2325,0059,0234,0530,0851,0221,NAC,,,,,,,
South America,737/I,738K,3130,3131,MIA,MDE,MDE,MIA,1830,2054,0324,0039,0510,0331,NAC,,,,,,,
South America,737/I,738K,3114,3114,MIA,CTG,CTG,MIA,2204,2355,0251,0600,0958,0258,NAC,,,,,,,
South America,737/I,738K,1154,1154,MIA,MDE,MDE,MIA,2120,2344,0324,0600,1031,0331,NAC,,,,,,,
South America,737/I,738K,492,493,MIA,BAQ,BAQ,MIA,0955,1144,0249,1245,1642,0257,NAC,,,,,,,
South America,737/I,738K,958,959,MIA,MDE,MDE,MIA,0955,1219,0324,1320,1751,0331,NAC,,,,,,,
South America,737/I,738K,954,949,MIA,CTG,CTG,MIA,1115,1306,0251,1410,1808,0258,NAC,,,,,,,
Mexico,737/I,738K,3898,3899,MSP,CUN,CUN,MSP,0815,1213,0358,1213,1618,0405,AAA,,,,,,,
Domestic,E145,EMJ,6096,6097,RDU,HSV,HSV,RDU,1212,1227,0115,1305,1520,0115,EMY,,,,,,,
Domestic,737/D,738R,1246,1247,PDX,STS,STS,PDX,2140,2326,0146,0011,0157,0146,AUR,,,,,,,
Domestic,E190,E95,3520,3521,RDU,HVN,HVN,RDU,1445,1631,0146,1716,1910,0154,PFT,,,,,,,
Alaska,737/D,738R,100,101,ANC,FAI,FAI,ANC,0600,0724,0124,0814,0940,0126,AUR,,,,,,,
Domestic,737/D,738R,1329,1328,LAS,LAX,LAX,LAS,0600,0715,0115,0800,0920,0120,OLD,,,,,,,
Mexico,737/D,738R,1852,1853,PDX,MZT,MZT,PDX,0625,1031,0406,1226,1652,0426,AUR,,,,,,,
Hawaii,737/D,738R,20,21,OGG,SEA,SEA,OGG,0700,1541,0541,1631,1958,0627,OLD,,,,,,,
Alaska,737/D,738R,1740,1741,PDX,FAI,FAI,PDX,0710,1016,0406,1106,1552,0346,AUR,,,,,,,
Alaska,737/D,738R,1130,1131,PDX,ANC,ANC,PDX,0755,1052,0357,1142,1616,0334,AUR,,,,,,,
Canada,737/D,738R,1224,1225,SFO,YYZ,YYZ,SFO,0755,1547,0452,1637,1919,0542,AAH,,,,,,,
Domestic,737/D,738R,1090,1095,DEN,FLL,FLL,DEN,0845,1433,0348,1518,1727,0409,OLD,,,,,,,
Domestic,737/D,738R,602,603,PDX,SEA,SEA,PDX,0850,1005,0115,1050,1206,0116,AUR,,,,,,,
Alaska,737/D,738R,506,507,ANC,LAS,LAS,ANC,0900,1459,0459,1549,2019,0530,AUR,,,,,,,
Domestic,737/D,738R,1748,1777,SFO,CLE,CLE,SFO,0915,1656,0441,1741,2010,0529,OLD,,,,,,,
Domestic,737/D,738R,2248,677,DEN,FAT,FAT,DEN,0915,1048,0233,1133,1438,0205,OLD,,,,,,,
Domestic,737/D,738R,1144,1145,PDX,SAN,SAN,PDX,0925,1157,0232,1242,1520,0238,AUR,,,,,,,
Domestic,737/D,738R,1232,1233,PDX,LAS,LAS,PDX,0950,1202,0212,1247,1507,0220,AUR,,,,,,,
Domestic,737/D,738R,1478,1511,DEN,RSW,RSW,DEN,1000,1538,0338,1623,1820,0357,OLD,,,,,,,
Domestic,737/D,738R,373,370,LAX,PDX,PDX,LAX,1520,1745,0225,1830,2040,0210,AUR,,,,,,,
Alaska,737/D,738R,110,111,ANC,SEA,SEA,ANC,1015,1438,0323,1528,1814,0346,AUR,,,,,,,
Domestic,737/D,738R,1325,1324,LAS,LAX,LAX,LAS,1015,1130,0115,1215,1335,0120,OLD,,,,,,,
Alaska,737/D,738R,86,87,PDX,ANC,ANC,PDX,1025,1322,0357,1412,1846,0334,AUR,,,,,,,
Domestic,737/D,738R,342,345,DEN,SAT,SAT,DEN,1030,1343,0213,1428,1538,0210,OLD,,,,,,,
Domestic,737/D,738R,2352,2379,DEN,PIT,PIT,DEN,1100,1602,0302,1647,1808,0321,OLD,,,,,,,
Domestic,320/D,321E,924,915,LAX,PHL,PHL,LAX,2159,0606,0507,0705,0955,0550,NAC,,,,,,,
Domestic,737/D,738R,1562,1599,MCI,BNA,BNA,MCI,1002,1145,0143,1235,1427,0152,CARGO,,,,,,,
Alaska,737/D,738R,80,81,PDX,ANC,ANC,PDX,1115,1412,0357,1502,1936,0334,AUR,,,,,,,
Domestic,737/D,738R,248,247,MCI,TPA,TPA,MCI,1936,2317,0241,0820,1017,0257,CARGO,,,,,,,
Alaska,737/D,738R,112,113,ANC,SEA,SEA,ANC,1125,1548,0323,1638,1924,0346,AUR,,,,,,,
Domestic,737/D,738R,676,683,DEN,SLC,SLC,DEN,1145,1324,0139,1409,1529,0120,OLD,,,,,,,
Alaska,737/D,738R,75,75,PDX,JNU,JNU,PDX,1150,1339,0249,1429,1808,0239,AUR,,,,,,,
Hawaii,737/D,738R,436,437,HNL,ONT,ONT,HNL,1210,2041,0531,2131,0058,0627,OLD,,,,,,,
Domestic,737/D,738R,672,2279,DEN,EUG,EUG,DEN,1220,1412,0252,1457,1818,0221,OLD,,,,,,,
Mexico,737/D,738R,648,649,PDX,PVR,PVR,PDX,1220,1747,0427,1842,2230,0448,AUR,,,,,,,
Domestic,737/D,738R,1084,1093,DEN,GEG,GEG,DEN,1315,1444,0229,1529,1834,0205,OLD,,,,,,,
Domestic,737/D,738R,1146,1147,PDX,LAS,LAS,PDX,1325,1537,0212,1622,1842,0220,AUR,,,,,,,
Domestic,320/D,321E,436,439,LAX,PHL,PHL,LAX,1053,1900,0507,2005,2255,0550,NAC,,,,,,,
Domestic,737/D,738R,1188,1197,DEN,CLE,CLE,DEN,1340,1832,0252,1917,2027,0310,OLD,,,,,,,
Domestic,737/D,738R,1980,1981,PDX,SLC,SLC,PDX,1355,1651,0156,1736,1844,0208,AUR,,,,,,,
Alaska,737/D,738R,74,74,ANC,JNU,JNU,ANC,1410,1600,0150,1650,1852,0202,AUR,,,,,,,
Domestic,737/D,738R,2221,1174,DEN,GTF,GTF,DEN,1415,1616,0201,1701,1845,0144,OLD,,,,,,,
Domestic,737/D,738R,3042,3043,LGA,MSP,MSP,LGA,1415,1613,0258,1705,2041,0236,AUR,,,,,,,
Alaska,737/D,738R,642,643,PDX,JNU,JNU,PDX,1440,1629,0249,1719,2058,0239,AUR,,,,,,,
Domestic,320/D,321R,1902,1961,LAX,PHX,PHX,LAX,0700,0830,0130,0915,1044,0129,NAC,,,,,,,
Alaska,737/D,738R,104,105,ANC,FAI,FAI,ANC,1455,1619,0124,1709,1835,0126,AUR,,,,,,,
Alaska,737/I,738R,77,77,SEA,JNU,JNU,SEA,1500,1638,0238,1728,2055,0227,AUR,,,,,,,
Domestic,737/D,738R,2376,1635,DEN,GEG,GEG,DEN,1500,1629,0229,1714,2019,0205,OLD,,,,,,,
Mexico,737/D,738R,1062,1063,SFO,SJD,SJD,SFO,1510,1814,0304,2009,2329,0320,OLD,,,,,,,
Domestic,737/D,738M,1568,1569,LAX,PHX,PHX,LAX,0615,0745,0130,0830,0959,0129,NAC,,,,,,,
Domestic,737/D,738R,1946,1967,DEN,IAH,IAH,DEN,1530,1849,0219,1934,2054,0220,OLD,,,,,,,
Domestic,737/D,738R,532,533,PDX,SEA,SEA,PDX,1530,1645,0115,1730,1846,0116,AUR,,,,,,,
Alaska,737/D,738R,78,79,ANC,OME,OME,ANC,1545,1743,0158,1833,2020,0147,AUR,,,,,,,
Domestic,737/D,738K,2442,2443,LAX,PIT,PIT,LAX,0921,1658,0437,1743,1958,0515,NAC,,,,,,,
Domestic,737/D,738R,1574,1575,PDX,SMF,SMF,PDX,1610,1754,0144,1839,2024,0145,AUR,,,,,,,
Alaska,737/D,738R,76,76,ANC,JNU,JNU,ANC,1615,1805,0150,1855,2057,0202,AUR,,,,,,,
Domestic,737/D,738R,340,343,DEN,EUG,EUG,DEN,1635,1827,0252,1912,2233,0221,OLD,,,,,,,
Domestic,737/D,738R,734,739,PDX,LAX,LAX,PDX,1710,1920,0210,2005,2230,0225,AUR,,,,,,,
Domestic,737/D,738R,478,483,DEN,SNA,SNA,DEN,1710,1842,0232,1927,2233,0206,OLD,,,,,,,
Alaska,737/D,738R,96,97,ANC,ADQ,ADQ,ANC,1720,1845,0125,1935,2059,0124,AUR,,,,,,,
Domestic,737/D,738R,1054,149,DEN,BOI,BOI,DEN,1805,2013,0208,2058,2243,0145,OLD,,,,,,,
Domestic,737/D,738R,606,607,PDX,FLL,FLL,PDX,1810,0250,0540,0535,0904,0629,AUR,,,,,,,
Hawaii,737/D,738R,70,71,OGG,PDX,PDX,OGG,1820,0251,0531,0600,0917,0617,OLD,,,,,,,
Domestic,E145,E4X,6200,6201,LAX,PSP,PSP,LAX,1000,1113,0113,1153,1258,0105,SSX,,,,,,,
Pacific,737/I,738R,833,832,PPG,CHC,CHC,PPG,0620,1039,0519,1309,1907,0458,CARGO,,,,,,,
Domestic,737/D,738R,370,373,PDX,LAX,LAX,PDX,1840,2050,0210,2135,0000,0225,AUR,,,,,,,
Alaska,737/D,738R,592,593,ANC,MSP,MSP,ANC,1850,0309,0519,0810,1113,0603,AUR,,,,,,,
Mexico,737/D,738K,1448,1449,LAX,PVR,PVR,LAX,0830,1229,0259,1330,1537,0307,NAC,,,,,,,
Domestic,737/D,738R,2304,2305,PDX,BNA,BNA,PDX,1925,0144,0419,0530,0830,0500,AUR,,,,,,,
Domestic,737/D,738R,2358,2383,DEN,LGA,LGA,DEN,1940,0118,0338,0820,1024,0404,OLD,,,,,,,
Domestic,737/D,738R,220,219,DEN,PDX,PDX,DEN,2005,2155,0250,2240,0200,0220,OLD,,,,,,,
Domestic,737/D,738R,890,891,PDX,SLC,SLC,PDX,2005,2301,0156,2346,0054,0208,AUR,,,,,,,
Domestic,E175,E7W,6210,6211,LAX,RDM,RDM,LAX,1345,1557,0212,1642,1841,0159,SSX,,,,,,,
Domestic,737/D,738R,1194,1203,DEN,IAH,IAH,DEN,2010,2329,0219,0014,0134,0220,OLD,,,,,,,
Domestic,737/D,738R,2474,573,SFO,BOI,BOI,SFO,2025,2312,0147,2357,0051,0154,OLD,,,,,,,
Domestic,737/D,738R,1124,1125,PDX,SBA,SBA,PDX,2035,2251,0216,2336,0155,0219,AUR,,,,,,,
Domestic,737/D,738R,148,1059,DEN,BOI,BOI,DEN,2055,2303,0208,2348,0133,0145,OLD,,,,,,,
Domestic,737/D,738R,1300,1309,DEN,DAL,DAL,DEN,2120,0016,0156,0820,0916,0156,OLD,,,,,,,
Domestic,737/D,738R,2302,1189,SFO,EUG,EUG,SFO,2150,2333,0143,0018,0200,0142,OLD,,,,,,,
Domestic,737/D,738R,1264,1265,SFO,LAS,LAS,SFO,2155,2330,0135,0015,0159,0144,OLD,,,,,,,
Domestic,737/D,738R,1126,1127,PDX,DEN,DEN,PDX,2220,0140,0220,0725,0915,0250,AUR,,,,,,,
Domestic,737/D,738R,1070,1071,PDX,SFO,SFO,PDX,2240,0032,0152,0840,1032,0152,AUR,,,,,,,
Domestic,737/D,738R,228,225,DEN,FAT,FAT,DEN,2250,0023,0233,0750,1055,0205,OLD,,,,,,,
Domestic,737/D,738R,572,2475,SFO,BOI,BOI,SFO,2335,0222,0147,0600,0654,0154,OLD,,,,,,,
Domestic,737/D,738R,1100,1101,PDX,SNA,SNA,PDX,2335,0159,0224,0645,0914,0229,AUR,,,,,,,
Pacific,737/D,738R,498,499,HNL,APW,APW,HNL,2350,0454,0604,0624,1306,0542,OLD,,,,,,,
Hawaii,B756,75E,36,37,HNL,LAX,LAX,HNL,0520,1318,0458,1408,1704,0556,OLD,,,,,,,
Hawaii,B756,75E,422,43,HNL,SEA,SEA,HNL,0620,1446,0526,1536,1844,0608,OLD,,,,,,,
Hawaii,B756,75E,50,51,HNL,SAN,SAN,HNL,0720,1534,0514,1624,1928,0604,OLD,,,,,,,
Domestic,B756,75E,440,445,DEN,LAS,LAS,DEN,0800,0900,0200,0945,1224,0139,OLD,,,,,,,
Hawaii,B756,75E,12,11,HNL,SFO,SFO,HNL,0820,1613,0453,1703,1939,0536,OLD,,,,,,,
Hawaii,B756,75E,64,65,SFO,KOA,KOA,SFO,0915,1209,0554,1259,2106,0507,AAH,,,,,,,
Hawaii,B756,75E,28,29,HNL,SFO,SFO,HNL,0920,1713,0453,1803,2039,0536,OLD,,,,,,,
Domestic,B756,75E,1078,1085,DEN,LAX,LAX,DEN,0935,1051,0216,1136,1436,0200,OLD,,,,,,,
Hawaii,B756,75E,34,35,HNL,LAX,LAX,HNL,1045,1843,0458,1933,2229,0556,OLD,,,,,,,
,,,,,,,,,,,,,,,,,,,,,,
Domestic,B756,75E,1294,1295,AUS,LAS,LAS,AUS,1310,1416,0306,1501,1945,0244,NAC,,,,,,,
Domestic,B756,75E,1866,1887,DEN,SFO,SFO,DEN,1250,1430,0240,1515,1826,0211,OLD,,,,,,,
Hawaii,B756,75E,26,27,HNL,SFO,SFO,HNL,1330,2123,0453,2213,0049,0536,OLD,,,,,,,
Domestic,B756,75E,1644,1669,DEN,MCO,MCO,DEN,1440,2001,0321,2046,2222,0336,OLD,,,,,,,
Domestic,B756,75E,107,108,MSP,LAS,LAS,MSP,0630,0804,0334,0849,1357,0308,AAA,,,,,,,
Domestic,B756,75E,395,396,MSP,SFO,SFO,MSP,0720,0933,0413,1018,1557,0339,AAA,,,,,,,
Domestic,B756,75E,343,344,MSP,MCO,MCO,MSP,0900,1312,0312,1357,1623,0326,AAA,,,,,,,
Domestic,B756,75E,1774,1801,DEN,MCO,MCO,DEN,1545,2106,0321,2151,2327,0336,OLD,,,,,,,
Domestic,B756,75E,601,602,MSP,PHX,PHX,MSP,1300,1429,0329,1514,2020,0306,AAA,,,,,,,
Domestic,B756,75E,421,422,MSP,LAX,LAX,MSP,1445,1639,0354,1724,2257,0333,AAA,,,,,,,
Hawaii,B756,75E,10,11,HNL,PHX,PHX,HNL,1615,0101,0546,0505,0847,0642,OLD,,,,,,,
Hawaii,B756,75E,46,47,HNL,PDX,PDX,HNL,1650,0108,0518,0820,1119,0559,OLD,,,,,,,
Domestic,B756,75E,622,623,SFO,MCO,MCO,SFO,1740,0135,0455,0705,0945,0540,OLD,,,,,,,
Hawaii,B756,75E,30,31,HNL,LAX,LAX,HNL,1820,0218,0458,0515,0811,0556,OLD,,,,,,,
Domestic,B756,75P,44,45,PDX,JFK,JFK,PDX,0735,1531,0456,1616,1857,0541,AUR,,,,,,,
Domestic,B756,75P,226,227,PDX,BOS,BOS,PDX,0845,1650,0505,1735,2027,0552,AUR,,,,,,,
Domestic,B756,75P,2106,2107,SFO,BOS,BOS,SFO,1245,2108,0523,2153,0108,0615,OLD,,,,,,,
Domestic,B756,75P,968,1117,SFO,BOS,BOS,SFO,1330,2153,0523,2238,0153,0615,OLD,,,,,,,
Domestic,B756,75S,1603,1116,BOS,SFO,SFO,BOS,1000,1315,0615,1400,2223,0523,AAA,,,,,,,
Domestic,B756,75S,1117,968,BOS,SFO,SFO,BOS,1015,1330,0615,1415,2238,0523,AAA,,,,,,,
Domestic,B756,75S,2107,2106,BOS,SFO,SFO,BOS,1835,2150,0615,2235,0658,0523,AAA,,,,,,,
Domestic,B756,75S,864,871,BOS,MCO,MCO,BOS,0600,0855,0255,0940,1223,0243,NAC,,,,,,,
Domestic,320/D,A320,2214,2245,RDU,IAD,IAD,RDU,1630,1735,0105,1835,1935,0100,NAC,,,,,,,
Domestic,320/D,321E,1446,1447,LAX,RDU,RDU,LAX,0600,1348,0448,1445,1713,0528,NAC,,,,,,,
South America,B756,75S,224,223,AUS,LIM,LIM,AUS,2330,0620,0650,0830,1551,0721,NAC,,,,,,,
Hawaii,B756,75S,76,77,DEN,LIH,LIH,DEN,1430,1810,0740,0010,1037,0627,OLD,,,,,,,
Hawaii,B756,75S,434,435,OGG,DEN,DEN,OGG,1630,0245,0615,0635,1001,0726,OLD,,,,,,,
Hawaii,B756,75S,78,79,DEN,KOA,KOA,DEN,1930,2259,0729,2349,1007,0618,OLD,,,,,,,
Domestic,B756,75S,2144,2145,PDX,SFO,SFO,PDX,2110,2258,0148,2343,0131,0148,AUR,,,,,,,
Domestic,B756,75S,1064,1065,PDX,LAX,LAX,PDX,2150,2354,0204,0039,0257,0218,AUR,,,,,,,
Hawaii,B756,76J,448,449,HNL,SLC,SLC,HNL,0525,1521,0556,1611,1902,0651,OLD,,,,,,,
Hawaii,B756,76J,68,69,OGG,SLC,SLC,OGG,0530,1520,0550,1610,1853,0643,OLD,,,,,,,
Pacific,B756,76J,828,829,HNL,PPG,PPG,HNL,0650,1131,0541,1301,1925,0524,OLD,,,,,,,
Hawaii,B756,76J,8,9,HNL,SAN,SAN,HNL,0750,1604,0514,1654,1958,0604,OLD,,,,,,,
Hawaii,B756,76J,418,419,HNL,LAX,LAX,HNL,0850,1648,0458,1738,2034,0556,OLD,,,,,,,
Domestic,B756,76J,7797,7397,CVG,ORD,ORD,CVG,0500,0517,0117,2250,0120,0130,CARGO,,,,,,,
Caribbean,B756,76J,7845,7445,CVG,SJU,SJU,CVG,0630,1036,0406,2030,0100,0430,CARGO,,,,,,,
Hawaii,B756,76J,2,1,HNL,LAX,LAX,HNL,1015,1813,0458,1903,2159,0556,AAH,,,,,,,
Central America,B756,76J,7901,,MIA,PTY,PTY,MIA,0935,1134,0259,1234,1634,0300,CARGO,,,,,,,
Hawaii,B756,76J,40,41,HNL,JFK,JFK,HNL,1125,0250,0925,0640,1136,1056,OLD,,,,,,,
Caribbean,B756,76J,,,MIA,POS,POS,MIA,1205,1549,0344,0549,1000,0411,CARGO,,,,,,,
Domestic,B756,76J,208,207,JFK,MIA,MIA,JFK,0700,0958,0258,1130,1419,0249,NAC,,,,,,,
Domestic,B756,76J,534,535,MIA,AUS,AUS,MIA,1245,1454,0309,1539,1924,0245,NAC,,,,,,,
Europe,B756,76J,154,155,BOS,LIS,LIS,BOS,2020,0733,0613,0903,1114,0711,NAC,,,,,,,
Europe,B756,76J,160,161,BOS,MXP,MXP,BOS,2055,1015,0720,1145,1411,0826,NAC,,,,,,,
Europe,B756,76J,150,151,BOS,CDG,CDG,BOS,2340,1223,0643,1353,1537,0744,NAC,,,,,,,
Europe,B756,76J,134,135,BOS,BCN,BCN,BOS,2320,1222,0702,1352,1558,0806,NAC,,,,,,,
South America,B756,76J,906,907,AUS,GRU,GRU,AUS,0655,1901,1006,2016,0543,1127,NAC,,,,,,,
Asia,B756,76J,873,874,HNL,ICN,ICN,HNL,1400,1857,0957,1953,0930,0837,AAH,,,,,,,
Asia,B756,76J,879,878,HNL,NRT,NRT,HNL,1400,1726,0826,2112,0930,0718,AAH,,,,,,,
Asia,B756,76J,844,843,HNL,KIX,KIX,HNL,1435,1838,0903,2121,1010,0749,AAH,,,,,,,
Hawaii,B756,76J,4,5,HNL,SEA,SEA,HNL,1540,0006,0526,0640,0948,0608,OLD,,,,,,,
Hawaii,B756,76J,32,33,HNL,PHX,PHX,HNL,1555,0041,0546,0505,0847,0642,OLD,,,,,,,
Hawaii,B756,76J,806,807,HNL,LAS,LAS,HNL,1725,0156,0531,0500,0822,0622,OLD,,,,,,,
Central America,B756,76J,7902,,PTY,SJO,SJO,PTY,0500,0533,0133,0633,0859,0126,CARGO,,,,,,,
Hawaii,B756,76J,24,25,HNL,SFO,SFO,HNL,1855,0248,0453,0550,0826,0536,OLD,,,,,,,
Pacific,B756,76J,475,476,HNL,MEL,MEL,HNL,2125,0504,1139,0734,2156,1022,OLD,,,,,,,
Pacific,B756,76J,801,800,HNL,GUM,GUM,HNL,2205,0236,0831,0406,1523,0717,OLD,,,,,,,
Central America,B756,76J,7902,,SJO,CVG,CVG,SJO,0530,1209,0439,1309,1548,0439,CARGO,,,,,,,
Domestic,B756,76T,1490,1491,PDX,BOS,BOS,PDX,0635,1457,0522,1542,1857,0615,AUR,,,,,,,
Hawaii,B756,76T,44,45,HNL,BOS,BOS,HNL,0945,0158,1013,0500,1057,1157,OLD,,,,,,,
Pacific,B756,76T,473,472,HNL,AKL,AKL,HNL,1720,0107,0947,0337,1443,0906,OLD,,,,,,,
Hawaii,B756,76T,72,73,HNL,AUS,AUS,HNL,1830,0709,0739,0759,1201,0902,OLD,,,,,,,
Domestic,320/D,321K,626,625,LAX,RDU,RDU,LAX,1107,1855,0448,0742,1010,0528,NAC,,,,,,,
Domestic,320/D,321K,1982,2011,LAX,RDU,RDU,LAX,2326,0714,0448,2027,2255,0528,NAC,,,,,,,
Canada,737/D,738M,444,445,HNL,YVR,YVR,HNL,0600,1449,0549,1439,1814,0635,AAH,,,,,,,
Hawaii,737/D,738M,404,405,HNL,SMF,SMF,HNL,0645,1502,0517,1552,1859,0607,OLD,,,,,,,
Alaska,737/D,738M,597,596,DEN,ANC,ANC,DEN,0725,1108,0543,1158,1853,0455,OLD,,,,,,,
Domestic,737/D,738M,552,557,SFO,TPA,TPA,SFO,0725,1531,0506,1616,1912,0556,OLD,,,,,,,
Alaska,737/D,738M,513,512,SFO,ANC,ANC,SFO,0820,1213,0453,1303,1831,0428,AUR,,,,,,,
Mexico,737/D,738M,452,453,SFO,CUN,CUN,SFO,0845,1553,0508,1548,1942,0554,OLD,,,,,,,
Hawaii,737/I,738M,438,439,SAN,KOA,KOA,SAN,0959,1320,0621,1424,2250,0526,AAH,,,,,,,
Domestic,737/D,738M,1276,1277,SFO,IAD,IAD,SFO,1000,1809,0509,1854,2156,0602,OLD,,,,,,,
Caribbean,737/I,738M,3008,3009,JFK,AUA,AUA,JFK,0915,1346,0431,1446,1922,0436,AAA,,,,,,,
Domestic,737/D,738M,1924,1953,DEN,BWI,BWI,DEN,1115,1639,0324,1724,1911,0347,OLD,,,,,,,
Domestic,737/D,738M,1636,1665,SFO,PIT,PIT,SFO,1140,1931,0451,2016,2257,0541,OLD,,,,,,,
Domestic,737/D,738M,1696,1697,LAS,ORD,ORD,LAS,1200,1719,0319,1804,2013,0409,OLD,,,,,,,
Domestic,737/D,738M,1208,1209,SFO,BNA,BNA,SFO,1230,1849,0419,1934,2237,0503,OLD,,,,,,,
Alaska,737/D,738M,92,93,ANC,PDX,PDX,ANC,1235,1709,0334,1759,2056,0357,AUR,,,,,,,
Canada,737/D,738M,1950,1951,LGA,YYC,YYC,LGA,1005,1311,0506,1401,2027,0426,NAC,,,,,,,
Canada,320/D,319S,917,917,AUS,YYC,YYC,AUS,0940,1250,0410,1350,1842,0352,NAC,,0620,0930,1020,1512,0050,0050
Canada,320/D,319S,1198,1215,AUS,YYC,YYC,AUS,1820,2130,0410,0000,0452,0352,NAC,,0620,0520,0610,0710,0050,0050
Caribbean,737/I,738M,950,945,MIA,POS,POS,MIA,2015,2359,0344,0600,1011,0411,NAC,,,,,,,
Caribbean,737/D,738M,932,933,MIA,STI,STI,MIA,0940,1150,0210,1250,1514,0224,NAC,,,,,,,
Caribbean,737/I,738M,2498,2498,MIA,AUA,AUA,MIA,0855,1147,0252,1250,1556,0306,NAC,,,,,,,
Caribbean,737/I,738M,1542,1581,MIA,PUJ,PUJ,MIA,1005,1231,0226,1316,1559,0243,NAC,,,,,,,
Caribbean,737/I,738M,3136,3137,MIA,CMW,CMW,MIA,1215,1405,0150,1505,1655,0150,NAC,,,,,,,
Caribbean,737/I,738M,2922,2923,MIA,POS,POS,MIA,0945,1329,0344,1326,1737,0411,NAC,,,,,,,
Domestic,320/D,319W,964,973,RDU,IAH,IAH,RDU,0800,1001,0301,1046,1425,0239,NAC,,,,,,,
Caribbean,737/I,738M,930,931,MIA,STT,STT,MIA,1105,1351,0246,1450,1758,0308,NAC,,,,,,,
Caribbean,737/I,738M,3026,3027,JFK,SXM,SXM,JFK,0910,1305,0355,1400,1809,0409,NAC,,,,,,,
Caribbean,737/I,738M,3034,3035,JFK,ANU,ANU,JFK,0945,1350,0405,1450,1911,0421,NAC,,,,,,,
Caribbean,737/I,738M,3012,3013,JFK,POS,POS,JFK,0730,1226,0456,1429,1941,0512,NAC,,,,,,,
Caribbean,737/I,738M,2994,2995,MIA,STT,STT,MIA,1300,1546,0246,1645,1953,0308,NAC,,,,,,,
Caribbean,737/I,738M,678,679,AUS,AUA,AUA,AUS,0905,1446,0441,1545,2005,0520,NAC,,,,,,,
Central America,737/I,738M,2954,2955,MIA,GUA,GUA,MIA,2236,2330,0254,0600,1039,0239,NAC,,,,,,,
Central America,737/I,738M,2056,2057,MIA,SAP,SAP,MIA,1856,1930,0234,0630,1053,0223,NAC,,,,,,,
Central America,737/I,738M,418,419,MIA,PTY,PTY,MIA,0950,1149,0259,1250,1650,0300,NAC,,,,,,,
Domestic,E175,E7W,4440,4441,RDU,IAH,IAH,RDU,1135,1336,0301,1516,1855,0239,RBD,,,,,,,
Domestic,320/D,319W,242,241,RDU,ILM,ILM,RDU,2244,2359,0115,0600,0716,0116,NAC,,,,,,,
Domestic,737/D,738M,1897,1897,MIA,PHL,PHL,MIA,1825,2106,0241,2200,0048,0248,NAC,,,,,,,
Domestic,737/D,738M,3040,3041,PHX,LAS,LAS,PHX,1710,1837,0127,1927,2050,0123,NAC,,,,,,,
Domestic,320/D,321R,3186,3187,PHX,LAS,LAS,PHX,2038,2205,0127,1817,1940,0123,NAC,,1540,1757,1842,2056,0045,0045
Domestic,320/D,319W,1988,1989,RDU,ILM,ILM,RDU,1450,1605,0115,1645,1801,0116,NAC,,,,,,,
Domestic,737/D,738M,1433,1433,MIA,LAX,LAX,MIA,1910,2149,0539,2300,0659,0459,NAC,,,,,,,
Domestic,737/D,738M,1800,1823,PHX,MCI,MCI,PHX,1915,2354,0239,0610,0711,0301,NAC,,,,,,,
Domestic,E175,E7S,4358,4359,LGA,DTW,DTW,LGA,0925,1119,0154,1159,1342,0143,RBD,,,,,,,
Domestic,320/D,H205,164,1975,PHX,MSP,MSP,PHX,1849,2355,0306,0614,0743,0329,NAC,,,,,,,
Domestic,737/D,738M,1894,1925,AUS,IAD,IAD,AUS,1940,2347,0307,0515,0749,0334,NAC,,,,,,,
Domestic,737/D,738M,1828,1857,PHX,SJC,SJC,PHX,2052,2300,0208,0600,0755,0155,NAC,,,,,,,
Domestic,737/D,738M,1872,1871,PHX,MIA,MIA,PHX,1815,0134,0419,0600,0801,0501,NAC,,,,,,,
Domestic,737/D,738M,1330,1353,PHX,DCA,DCA,PHX,1257,2018,0421,0600,0805,0505,NAC,,,,,,,
Domestic,737/D,738M,1596,1627,PHX,EWR,EWR,PHX,1615,2353,0438,0600,0825,0525,NAC,,,,,,,
Domestic,320/D,319W,808,809,RDU,IND,IND,RDU,2030,2222,0152,0700,0843,0143,NAC,,,,,,,
Domestic,737/D,738M,290,291,MIA,IND,IND,MIA,2105,2354,0249,0555,0836,0241,NAC,,,,,,,
Domestic,320/D,321E,3292,3293,MIA,SEA,SEA,MIA,2049,0020,0631,2020,0503,0543,NAC,,0640,1011,1056,1939,0045,0045
Domestic,737/D,738M,2936,2937,MIA,JFK,JFK,MIA,2235,0124,0249,0700,0958,0258,NAC,,,,,,,
Domestic,737/D,738M,3894,3895,AUS,JFK,JFK,AUS,1927,2359,0332,0656,0959,0403,NAC,,,,,,,
Domestic,320/D,321E,838,845,PHL,SFO,SFO,PHL,1714,2030,0616,2139,0600,0521,NAC,,0630,0946,1031,1852,0045,0045
Domestic,737/D,738M,2252,2253,AUS,BOS,BOS,AUS,1940,0032,0352,0640,1006,0426,NAC,,,,,,,
Domestic,320/D,321E,566,567,PHL,SFO,SFO,PHL,0700,1016,0616,1120,1941,0521,NAC,,0635,0951,1036,1857,0045,0045
Domestic,737/D,738K,792,792,PHX,ONT,ONT,PHX,1150,1325,0135,1400,1528,0128,NAC,,,,,,,
Domestic,737/D,738M,1356,1373,MIA,TPA,TPA,MIA,0910,1032,0122,1017,1136,0119,NAC,,,,,,,
Domestic,737/D,738M,1410,1411,AUS,SNA,SNA,AUS,2022,2145,0323,0645,1141,0256,NAC,,,,,,,
Domestic,E175,E7S,4276,4277,RDU,IND,IND,RDU,1330,1529,0159,1614,1802,0148,RBD,,,,,,,
Domestic,737/D,738M,468,473,AUS,SFO,SFO,AUS,1248,1448,0400,0635,1203,0328,NAC,,,,,,,
Domestic,737/D,738M,1824,1819,AUS,LAX,LAX,AUS,0750,0906,0316,0951,1450,0259,NAC,,,,,,,
Domestic,737/D,738M,2108,2147,MIA,DCA,DCA,MIA,0900,1131,0231,1216,1452,0236,NAC,,,,,,,
Domestic,737/D,738M,3108,3109,MIA,LAX,LAX,MIA,2155,0034,0539,0655,1454,0459,NAC,,,,,,,
Domestic,737/D,738M,2291,2291,LGA,PWM,PWM,LGA,1116,1240,0124,1330,1458,0128,NAC,,,,,,,
Domestic,737/D,738M,518,521,PHX,SMF,SMF,PHX,1035,1245,0210,1325,1523,0158,NAC,,,,,,,
Domestic,E175,E7W,4426,4427,RDU,IND,IND,RDU,0715,0900,0145,0930,1100,0130,RBD,,,,,,,
Domestic,737/D,738M,690,687,PHX,SNA,SNA,PHX,1133,1310,0137,1405,1534,0129,NAC,,,,,,,
Domestic,737/D,738M,904,908,PHX,SJC,SJC,PHX,1042,1250,0208,1340,1535,0155,NAC,,,,,,,
Domestic,737/D,738M,3030,3031,JFK,PHX,PHX,JFK,1720,1948,0528,0824,1605,0441,NAC,,,,,,,
Domestic,737/D,738M,1020,1021,AUS,EWR,EWR,AUS,0735,1205,0330,1310,1610,0400,NAC,,,,,,,
Domestic,737/D,738M,2272,2317,PHX,SAN,SAN,PHX,1655,1828,0133,1920,2046,0126,NAC,,,,,,,
Domestic,737/D,738M,1526,1557,PHX,MCI,MCI,PHX,1015,1454,0239,1540,1641,0301,NAC,,,,,,,
Domestic,737/D,738M,3908,3909,PHX,LAX,LAX,PHX,1310,1439,0129,1530,1700,0130,NAC,,,,,,,
Domestic,737/D,738M,3858,3859,AUS,FCA,FCA,AUS,0840,1134,0354,1229,1704,0335,NAC,,,,,,,
Domestic,737/D,738M,322,323,MIA,PHX,PHX,MIA,0735,0936,0501,1021,1740,0419,NAC,,,,,,,
Domestic,737/D,738M,2480,2480,AUS,SBA,SBA,AUS,1010,1148,0338,1240,1749,0309,NAC,,,,,,,
Domestic,737/D,738M,712,713,AUS,SNA,SNA,AUS,1100,1223,0323,1315,1811,0256,NAC,,,,,,,
Domestic,320/D,321K,2478,2478,LAX,RDU,RDU,LAX,2135,0523,0448,0630,0858,0528,NAC,,,,,,,
Domestic,737/D,738M,2116,2151,PHX,CVG,CVG,PHX,0951,1627,0336,1714,1825,0411,NAC,,,,,,,
Domestic,737/D,738M,2970,2970,AUS,BZN,BZN,AUS,1105,1330,0325,1420,1830,0310,NAC,,,,,,,
Domestic,E190,E95,4146,4147,RDU,ISP,ISP,RDU,1345,1528,0143,1613,1803,0150,PFT,,,,,,,
Domestic,E190,E95,3560,3561,RDU,ISP,ISP,RDU,1610,1753,0143,1838,2028,0150,PFT,,,,,,,
Domestic,320/D,319S,3120,3121,RDU,JAC,JAC,RDU,0855,1129,0434,1420,2017,0357,NAC,,,,,,,
Domestic,737/D,738M,1916,1917,PHX,DCA,DCA,PHX,0850,1611,0421,1656,1901,0505,NAC,,,,,,,
Domestic,737/D,738M,824,825,AUS,SJC,SJC,AUS,1055,1251,0356,1340,1905,0325,NAC,,,,,,,
Domestic,737/D,738M,358,361,LGA,FCA,FCA,LGA,0905,1213,0508,1255,1921,0426,NAC,,,,,,,
Domestic,737/D,738M,3084,3085,PHX,EWR,EWR,PHX,0905,1643,0438,1730,1955,0525,NAC,,,,,,,
Domestic,737/D,738M,1973,1973,AUS,JFK,JFK,AUS,1128,1600,0332,1700,2003,0403,NAC,,,,,,,
Domestic,737/D,738M,2406,2407,PHX,RNO,RNO,PHX,1525,1728,0203,1813,2007,0154,NAC,,,,,,,
Domestic,737/D,738M,1312,1341,MIA,EWR,EWR,MIA,1341,1630,0249,1720,2017,0257,NAC,,,,,,,
Domestic,737/D,738M,466,471,AUS,FCA,FCA,AUS,1205,1459,0354,1551,2026,0335,NAC,,,,,,,
Domestic,737/D,738M,1338,1359,MIA,SFO,SFO,MIA,0755,1115,0620,1205,2032,0527,NAC,,,,,,,
Domestic,E145,EMJ,3602,3603,RDU,JAN,JAN,RDU,1810,1927,0217,0500,0802,0202,EMY,,,,,,,
Domestic,320/D,319W,3986,3987,RDU,JAX,JAX,RDU,2217,2357,0140,0509,0646,0137,NAC,,,,,,,
Domestic,E175,E7W,4428,4429,RDU,JAX,JAX,RDU,0940,1125,0145,1205,1350,0145,RBD,,,,,,,
Domestic,737/D,738M,1509,1509,MIA,CHS,CHS,MIA,1640,1826,0146,1911,2057,0146,NAC,,,,,,,
Domestic,737/D,738M,3056,3057,PHX,SNA,SNA,PHX,1710,1847,0137,1935,2104,0129,NAC,,,,,,,
Domestic,737/D,738M,1642,1643,LGA,BZN,BZN,LGA,1130,1421,0451,1501,2112,0411,NAC,,,,,,,
Domestic,737/D,738M,1726,1749,MIA,TPA,TPA,MIA,1750,1912,0122,1957,2116,0119,NAC,,,,,,,
Domestic,320/D,321R,3232,3233,LAX,RDU,RDU,LAX,0905,1653,0448,1555,1823,0528,NAC,,,,,,,
Domestic,320/D,321E,656,656,MIA,SEA,SEA,MIA,0829,1200,0631,1300,2143,0543,NAC,,,,,,,
Domestic,E190,E95,4604,4605,RDU,JAX,JAX,RDU,1910,2053,0143,2138,2315,0137,PFT,,,,,,,
Domestic,737/D,738M,1876,1875,AUS,DFW,DFW,AUS,1855,2002,0107,2042,2202,0120,NAC,,,,,,,
Domestic,737/D,738M,1972,1997,AUS,LGA,LGA,AUS,1343,1815,0332,1905,2208,0403,NAC,,,,,,,
Domestic,737/D,738M,3160,3161,AUS,IAH,IAH,AUS,1902,2017,0115,2057,2215,0118,NAC,,,,,,,
Domestic,737/D,738M,1856,1885,MIA,LGA,LGA,MIA,1620,1910,0250,1955,2254,0259,NAC,,,,,,,
Domestic,737/D,738M,1684,1684,JFK,PHX,PHX,JFK,1255,1523,0528,1605,2346,0441,NAC,,,,,,,
Mexico,737/I,738K,1954,1957,MIA,MEX,MEX,MIA,1455,1627,0332,1730,2234,0304,NAC,,,,,,,
Mexico,737/I,738M,2322,2359,MIA,MEX,MEX,MIA,2120,2252,0332,0500,1004,0304,NAC,,,,,,,
Domestic,737/D,738K,1202,1221,RDU,JFK,JFK,RDU,0615,0753,0138,2210,2354,0144,NAC,,,,,,,
Mexico,737/D,738M,2100,2135,PHX,SJD,SJD,PHX,1040,1250,0210,1550,1802,0212,NAC,,,,,,,
Domestic,320/D,321K,1058,1058,RDU,LAS,LAS,RDU,0935,1150,0515,1250,2137,0547,NAC,,,,,,,
Mexico,737/D,738M,844,851,AUS,SJD,SJD,AUS,1215,1255,0240,1455,1918,0223,NAC,,,,,,,
Domestic,320/D,321K,1077,1077,RDU,LAS,LAS,RDU,1430,1640,0510,1515,2240,0425,NAC,,2350,2050,2135,0035,0045,0045
South America,737/I,738M,1859,1859,AUS,BOG,BOG,AUS,1815,2319,0504,0020,0558,0538,NAC,,,,,,,
South America,737/I,738M,2996,2997,JFK,GEO,GEO,JFK,1800,2333,0533,0140,0734,0554,NAC,,,,,,,
South America,737/I,738M,914,919,MIA,BOG,BOG,MIA,2122,2359,0337,0500,0946,0346,NAC,,,,,,,
South America,737/I,738M,928,929,MIA,UIO,UIO,MIA,1952,2305,0413,0500,1016,0416,NAC,,,,,,,
South America,737/I,738M,2920,2921,MIA,GYE,GYE,MIA,1925,2255,0430,0500,1030,0430,NAC,,0945,1417,1502,1805,0045,0045
South America,737/I,738M,3138,3139,MIA,GEO,GEO,MIA,0925,1348,0423,1450,1945,0455,NAC,,,,,,,
South America,737/I,738M,2552,2553,MIA,UIO,UIO,MIA,1020,1333,0413,1435,1951,0416,NAC,,,,,,,
South America,737/I,738M,960,960,MIA,GYE,GYE,MIA,1005,1335,0430,1435,2005,0430,NAC,,,,,,,
South America,737/I,738M,963,963,MIA,BOG,BOG,MIA,1055,1332,0337,1530,2016,0346,NAC,,,,,,,
Mexico,737/D,738M,1858,1879,SFO,MEX,MEX,SFO,1445,1957,0412,2052,0035,0443,OLD,,,,,,,
Domestic,737/D,738M,804,835,SFO,IAD,IAD,SFO,1825,0234,0509,0630,0932,0602,OLD,,,,,,,
Domestic,737/D,738M,520,525,SFO,BWI,BWI,SFO,1915,0328,0513,0555,0902,0607,OLD,,,,,,,
Hawaii,737/D,738M,48,49,SFO,LIH,LIH,SFO,1950,2256,0606,2346,0801,0515,OLD,,,,,,,
Domestic,737/D,738M,1604,1625,DEN,EGE,EGE,DEN,2255,0009,0114,0750,0851,0101,OLD,,,,,,,
Domestic,E145,E4X,6232,6233,LAX,RNO,RNO,LAX,1000,1136,0136,1216,1341,0125,SSX,,,,,,,
Alaska,Q400,DH4,2306,2307,ANC,CDB,CDB,ANC,0730,0937,0207,1005,1201,0156,SSX,,,,,,,
Alaska,Q400,DH4,2308,2309,ANC,HOM,HOM,ANC,0740,0855,0115,0925,1040,0115,SSX,,,,,,,
Domestic,Q400,DH4,2326,2327,PDX,YKM,YKM,PDX,0807,0005,1558,0605,2203,1558,SSX,,,,,,,
Domestic,Q400,DH4,2320,2321,PDX,MRY,MRY,PDX,0910,1151,0241,1236,1519,0243,SSX,,,,,,,
Domestic,Q400,DH4,2328,2329,PDX,MSO,MSO,PDX,0930,1230,0200,1315,1438,0223,SSX,,,,,,,
Alaska,Q400,DH4,2316,2317,ANC,SNP,SNP,ANC,1005,1120,0115,1155,1310,0115,SSX,,,,,,,
Domestic,Q400,DH4,2330,2331,PDX,MFR,MFR,PDX,1010,1147,0137,1232,1409,0137,SSX,,,,,,,
Domestic,Q400,DH4,2332,2333,PDX,FCA,FCA,PDX,1032,1310,0138,1350,1437,0147,SSX,,,,,,,
Domestic,Q400,DH4,2334,2335,PDX,RNO,RNO,PDX,1035,1215,0140,1255,1438,0143,SSX,,,,,,,
Domestic,Q400,DH4,2336,2337,PDX,GEG,GEG,PDX,1055,1236,0141,1321,1516,0155,SSX,,,,,,,
Domestic,Q400,DH4,2338,2339,PDX,ACV,ACV,PDX,1102,1257,0155,1337,1528,0151,SSX,,,,,,,
Alaska,Q400,DH4,2312,2313,ANC,HOM,HOM,ANC,1120,1235,0115,1305,1420,0115,SSX,,,,,,,
Domestic,Q400,DH4,2340,2341,PDX,EAT,EAT,PDX,1138,1305,0127,1345,1519,0134,SSX,,,,,,,
Domestic,Q400,DH4,2342,2343,PDX,SEA,SEA,PDX,1145,1309,0124,1354,1519,0125,SSX,,,,,,,
Domestic,Q400,DH4,2344,2345,PDX,RDM,RDM,PDX,1215,1336,0121,1421,1546,0125,SSX,,,,,,,
Domestic,Q400,DH4,2346,2347,PDX,PSC,PSC,PDX,1223,1350,0127,1430,1607,0137,SSX,,,,,,,
Domestic,E175,E7W,6268,6269,LAX,RNO,RNO,LAX,2155,2331,0136,0725,0850,0125,SSX,,,,,,,
Domestic,Q400,DH4,2352,2353,STS,SNA,SNA,STS,1245,1505,0220,1545,1749,0204,SSX,,,,,,,
Domestic,Q400,DH4,2350,2351,PDX,STS,STS,PDX,1245,1504,0219,1549,1808,0219,SSX,,,,,,,
Domestic,Q400,DH4,2354,2355,PDX,YKM,YKM,PDX,1247,1330,0043,1405,1448,0043,SSX,,,,,,,
Domestic,E145,E4X,6294,6295,LAX,SAF,SAF,LAX,1000,1203,0203,1243,1452,0209,SSX,,,,,,,
Domestic,Q400,DH4,2358,2359,PDX,PUW,PUW,PDX,1327,1410,0043,1445,1528,0043,SSX,,,,,,,
Domestic,Q400,DH4,2302,2303,PDX,SUN,SUN,PDX,1345,1647,0202,1732,1858,0226,SSX,,,,,,,
Alaska,Q400,DH4,2314,2315,ANC,SDP,SDP,ANC,1420,1535,0115,1605,1720,0115,SSX,,,,,,,
Domestic,Q400,DH4,2360,2361,PDX,BZN,BZN,PDX,1420,1740,0220,1825,2017,0252,SSX,,,,,,,
Canada,Q400,DH4,2362,2363,PDX,YVR,YVR,PDX,1520,1702,0142,1752,1932,0140,SSX,,,,,,,
Domestic,Q400,DH4,2364,2365,PDX,FCA,FCA,PDX,1545,1848,0203,1933,2059,0226,SSX,,,,,,,
Domestic,Q400,DH4,2366,2367,PDX,MSO,MSO,PDX,1550,1850,0200,1935,2058,0223,SSX,,,,,,,
Domestic,Q400,DH4,2368,2369,PDX,MFR,MFR,PDX,1620,1757,0137,1842,2019,0137,SSX,,,,,,,
Domestic,Q400,DH4,2370,2371,PDX,BOI,BOI,PDX,1621,1910,0149,1955,2102,0207,SSX,,,,,,,
Alaska,Q400,DH4,2310,2311,ANC,HOM,HOM,ANC,1635,1750,0115,1820,1935,0115,SSX,,,,,,,
Alaska,Q400,DH4,2318,2319,ANC,UNK,UNK,ANC,1710,1825,0115,1855,2010,0115,SSX,,,,,,,
Canada,Q400,DH4,2322,2323,PDX,YVR,YVR,PDX,1720,1902,0142,1952,2132,0140,SSX,,,,,,,
Domestic,Q400,DH4,2372,2373,PDX,SEA,SEA,PDX,1820,1944,0124,2029,2154,0125,SSX,,,,,,,
Domestic,E175,E7W,6230,6231,LAX,SAN,SAN,LAX,0735,0933,0158,1018,1221,0203,SSX,,,,,,,
Domestic,Q400,DH4,2376,2377,PDX,ACV,ACV,PDX,2113,2245,0132,0555,0725,0130,SSX,,,,,,,
Domestic,E175,E7W,6260,6261,LAX,SAN,SAN,LAX,0935,1048,0113,1133,1237,0104,SSX,,,,,,,
Domestic,Q400,DH4,2378,2379,PDX,SEA,SEA,PDX,2120,2244,0124,2329,0054,0125,SSX,,,,,,,
Domestic,Q400,DH4,2382,2383,PDX,FCA,FCA,PDX,2127,0030,0203,0615,0741,0226,SSX,,,,,,,
Domestic,Q400,DH4,2384,2385,PDX,STS,STS,PDX,2138,2357,0219,0500,0719,0219,SSX,,,,,,,
Domestic,Q400,DH4,2386,2387,PDX,BZN,BZN,PDX,2155,0115,0220,0505,0657,0252,SSX,,,,,,,
Domestic,E175,E7W,6298,6299,LAX,SAN,SAN,LAX,1225,1338,0113,1423,1527,0104,SSX,,,,,,,
Domestic,Q400,DH4,2390,2391,PDX,RNO,RNO,PDX,2217,2357,0140,0545,0728,0143,SSX,,,,,,,
Domestic,Q400,DH4,2392,2393,PDX,EAT,EAT,PDX,2230,2357,0127,0510,0644,0134,SSX,,,,,,,
Domestic,Q400,DH4,2394,2395,PDX,GEG,GEG,PDX,2235,2359,0124,0500,0630,0130,SSX,,,,,,,
Domestic,Q400,DH4,2304,2305,PDX,PSC,PSC,PDX,2237,0004,0127,0545,0722,0137,SSX,,,,,,,
Domestic,Q400,DH4,2396,2397,PDX,PUW,PUW,PDX,2238,2321,0043,0509,0552,0043,SSX,,,,,,,
Domestic,Q400,DH4,2398,2399,PDX,RDM,RDM,PDX,2238,2359,0121,0500,0625,0125,SSX,,,,,,,
Domestic,Q400,DH4,2402,2403,PDX,MFR,MFR,PDX,2250,0027,0137,0555,0732,0137,SSX,,,,,,,
Domestic,E145,E4X,5778,5779,DEN,COS,COS,DEN,0700,0810,0110,0850,0949,0059,SSX,,,,,,,
Domestic,E145,E4X,5746,5747,DEN,ABQ,ABQ,DEN,1000,1131,0131,1211,1330,0119,SSX,,,,,,,
Domestic,E145,E4X,6244,6245,PHX,BFL,BFL,PHX,1000,1145,0145,1225,1401,0136,SSX,,,,,,,
Domestic,E145,E4X,5684,5685,DEN,COS,COS,DEN,1000,1110,0110,1150,1249,0059,SSX,,,,,,,
Domestic,E145,E4X,5682,5683,DEN,DRO,DRO,DEN,1000,1123,0123,1203,1313,0110,SSX,,,,,,,
Domestic,E145,E4X,5706,5707,DEN,ELP,ELP,DEN,1000,1152,0152,1232,1412,0140,SSX,,,,,,,
Domestic,E145,E4X,6222,6223,PHX,ELP,ELP,PHX,1000,1130,0130,1210,1347,0137,SSX,,,,,,,
Domestic,E175,E7W,6226,6227,LAX,SAN,SAN,LAX,2242,2355,0113,0600,0704,0104,SSX,,,,,,,
Domestic,E145,E4X,6284,6285,PHX,FAT,FAT,PHX,1000,1153,0153,1233,1416,0143,SSX,,,,,,,
Domestic,E145,E4X,6254,6255,PHX,FLG,FLG,PHX,1000,1115,0115,1155,1310,0115,SSX,,,,,,,
Domestic,E145,E4X,5734,5735,DEN,GUC,GUC,DEN,1000,1116,0116,1156,1259,0103,SSX,,,,,,,
Domestic,E145,E4X,6204,6205,PHX,MAF,MAF,PHX,1000,1151,0151,1231,1435,0204,SSX,,,,,,,
Domestic,320/D,319W,3102,3103,LAX,SAT,SAT,LAX,1835,2330,0255,0750,0902,0312,AAA,,,,,,,
Domestic,E145,E4X,6290,6291,PHX,PSP,PSP,PHX,1000,1129,0129,1209,1332,0123,SSX,,,,,,,
Domestic,E145,E4X,6216,6217,PHX,PVU,PVU,PHX,1000,1144,0144,1224,1408,0144,SSX,,,,,,,
Domestic,E145,E4X,5686,5687,DEN,SAF,SAF,DEN,1000,1126,0126,1206,1321,0115,SSX,,,,,,,
Domestic,E145,E4X,6212,6213,PHX,SAF,SAF,PHX,1000,1132,0132,1212,1351,0139,SSX,,,,,,,
Domestic,E145,E4X,6262,6263,LAX,SBA,SBA,LAX,1000,1113,0113,1153,1255,0102,SSX,,,,,,,
Domestic,E145,E4X,6266,6267,LAX,SBA,SBA,LAX,2246,2359,0113,0600,0702,0102,SSX,,,,,,,
Domestic,E145,E4X,6238,6239,PHX,SBP,SBP,PHX,1000,1155,0155,1235,1419,0144,SSX,,,,,,,
Domestic,E175,E7W,6202,6203,LAX,SBA,SBA,LAX,2244,2357,0113,0600,0702,0102,SSX,,,,,,,
Domestic,E145,E4X,6246,6247,PHX,SGU,SGU,PHX,1000,1126,0126,1206,1330,0124,SSX,,,,,,,
Domestic,E145,E4X,6224,6225,PHX,SMX,SMX,PHX,1000,1154,0154,1234,1417,0143,SSX,,,,,,,
Domestic,E145,E4X,6242,6243,PHX,YUM,YUM,PHX,1000,1120,0120,1200,1316,0116,SSX,,,,,,,
Domestic,320/D,A320,1686,1687,LAX,SEA,SEA,LAX,0755,1033,0238,1118,1342,0224,AAA,,,,,,,
Domestic,320/D,319W,1142,1143,LAX,SFO,SFO,LAX,2035,2208,0133,2253,0012,0119,AAA,,,,,,,
Mexico,E145,E4X,6280,6281,PHX,HMO,HMO,PHX,1000,1128,0128,1208,1337,0129,SSX,,,,,,,
Domestic,E145,E4X,5780,5781,DEN,ABQ,ABQ,DEN,1134,1305,0131,1335,1454,0119,SSX,,,,,,,
Domestic,E145,E4X,6300,6301,PHX,SGU,SGU,PHX,1800,1926,0126,2006,2130,0124,SSX,,,,,,,
Domestic,E145,E4X,5774,5775,DEN,DRO,DRO,DEN,1817,1940,0123,2020,2130,0110,SSX,,,,,,,
Domestic,E145,E4X,5772,5773,DEN,COS,COS,DEN,1841,1951,0110,2031,2130,0059,SSX,,,,,,,
Domestic,E145,E4X,6288,6289,PHX,SBP,SBP,PHX,2204,2359,0155,0600,0744,0144,SSX,,,,,,,
Domestic,E145,E4X,6240,6241,PHX,SMX,SMX,PHX,2205,2359,0154,0600,0743,0143,SSX,,,,,,,
Domestic,E145,E4X,6312,6313,PHX,FAT,FAT,PHX,2206,2359,0153,0600,0743,0143,SSX,,,,,,,
Domestic,E145,E4X,6214,6215,PHX,MAF,MAF,PHX,2208,2359,0151,0600,0804,0204,SSX,,,,,,,
Domestic,E145,E4X,6278,6279,PHX,BFL,BFL,PHX,2214,2359,0145,0600,0736,0136,SSX,,,,,,,
Domestic,E145,E4X,6264,6265,PHX,PVU,PVU,PHX,2215,2359,0144,0600,0744,0144,SSX,,,,,,,
Domestic,320/D,321R,761,760,LAX,SFO,SFO,LAX,0930,1103,0133,1148,1307,0119,AAA,,,,,,,
Domestic,E145,E4X,6276,6277,PHX,SAF,SAF,PHX,2227,2359,0132,0600,0739,0139,SSX,,,,,,,
Domestic,E145,E4X,6310,6311,PHX,ELP,ELP,PHX,2229,2359,0130,0600,0737,0137,SSX,,,,,,,
Domestic,E145,E4X,6302,6303,PHX,PSP,PSP,PHX,2230,2359,0129,0600,0723,0123,SSX,,,,,,,
Domestic,E145,E4X,5742,5743,DEN,SAF,SAF,DEN,2233,2359,0126,0600,0715,0115,SSX,,,,,,,
Domestic,E145,E4X,6272,6273,PHX,SGU,SGU,PHX,2233,2359,0126,0600,0724,0124,SSX,,,,,,,
Domestic,E145,E4X,5736,5737,DEN,DRO,DRO,DEN,2236,2359,0123,0600,0710,0110,SSX,,,,,,,
Domestic,E145,E4X,6250,6251,PHX,YUM,YUM,PHX,2239,2359,0120,0600,0716,0116,SSX,,,,,,,
Domestic,E145,E4X,5754,5755,DEN,GUC,GUC,DEN,2243,2359,0116,0600,0703,0103,SSX,,,,,,,
Domestic,737/D,738K,1566,1567,LAX,SFO,SFO,LAX,2237,0010,0133,0510,0629,0119,NAC,,,,,,,
Domestic,E145,E4X,5710,5711,DEN,COS,COS,DEN,2249,2359,0110,0600,0659,0059,SSX,,,,,,,
Domestic,E175,E70,3488,3489,AUS,XNA,XNA,AUS,1955,2137,0142,0500,0646,0146,EMY,,,,,,,
Domestic,E175,E70,4126,4127,LGA,BUF,BUF,LGA,2200,2331,0131,0540,0705,0125,RBD,,,,,,,
Domestic,E175,E70,4134,4135,LGA,JAX,JAX,LGA,2125,2355,0230,0535,0755,0220,RBD,,,,,,,
Domestic,E175,E70,4496,4497,LGA,IND,IND,LGA,1630,1854,0224,0655,0900,0205,RBD,,,,,,,
Domestic,E175,E70,3528,3529,AUS,TYR,TYR,AUS,2136,2255,0119,0748,0910,0122,EMY,,,,,,,
Domestic,E175,E70,3874,3875,AUS,ABI,ABI,AUS,2045,2209,0124,0749,0910,0121,EMY,,,,,,,
Domestic,E175,E70,4490,4491,LGA,BUF,BUF,LGA,0700,0835,0135,0910,1038,0128,RBD,,,,,,,
Domestic,E175,E70,4140,4141,LGA,PWM,PWM,LGA,0855,1022,0127,1107,1239,0132,RBD,,,,,,,
Domestic,E175,E70,3308,3309,AUS,MAF,MAF,AUS,0950,1126,0136,1156,1325,0129,EMY,,,,,,,
Domestic,E175,E70,3492,3493,AUS,LBB,LBB,AUS,0947,1127,0140,1157,1330,0133,EMY,,,,,,,
Domestic,E175,E70,4362,4363,LGA,CMH,CMH,LGA,0930,1122,0152,1202,1343,0141,RBD,,,,,,,
Domestic,E175,E70,4306,4307,LGA,IND,IND,LGA,0950,1204,0214,1244,1443,0159,RBD,,0720,1001,1046,1315,0045,0045
Domestic,E175,E70,4498,4499,LGA,JAX,JAX,LGA,0950,1231,0241,1304,1533,0229,RBD,,,,,,,
Domestic,E175,E70,3302,3303,AUS,GGG,GGG,AUS,1250,1355,0105,1430,1535,0105,EMY,,,,,,,
Domestic,E175,E70,3328,3329,AUS,ABI,ABI,AUS,1300,1405,0105,1435,1540,0105,EMY,,,,,,,
Domestic,E175,E70,4378,4379,LGA,CHS,CHS,LGA,1055,1302,0207,1342,1541,0159,RBD,,,,,,,
Domestic,E175,E70,3356,3357,AUS,HRL,HRL,AUS,1221,1350,0129,1420,1549,0129,EMY,,,,,,,
Domestic,E175,E70,3512,3513,AUS,CAE,CAE,AUS,0955,1330,0235,1405,1602,0257,EMY,,,,,,,
Domestic,E175,E70,4132,4133,LGA,ACK,ACK,LGA,1246,1405,0119,1440,1603,0123,RBD,,,,,,,
Domestic,E175,E70,3494,3495,AUS,LRD,LRD,AUS,1322,1445,0123,1515,1635,0120,EMY,,1455,1734,1819,1908,0045,0045
Domestic,E175,E70,3350,3351,AUS,AMA,AMA,AUS,1222,1410,0148,1455,1637,0142,EMY,,,,,,,
Domestic,E175,E70,4146,4147,LGA,IND,IND,LGA,1150,1404,0214,1444,1643,0159,RBD,,,,,,,
Domestic,E175,E70,4356,4357,LGA,CAE,CAE,LGA,1340,1545,0205,1615,1811,0156,RBD,,,,,,,
Domestic,E175,E70,3526,3527,AUS,TYR,TYR,AUS,1531,1650,0119,1725,1847,0122,EMY,,,,,,,
Domestic,E175,E70,3338,3339,AUS,HRL,HRL,AUS,1616,1745,0129,1815,1944,0129,EMY,,0705,0837,0922,1048,0045,0045
Domestic,E175,E70,3358,3359,AUS,MFE,MFE,AUS,1620,1750,0130,1820,1949,0129,EMY,,,,,,,
Domestic,E175,E70,3518,3519,AUS,HOU,HOU,AUS,1635,1752,0117,1837,1958,0121,EMY,,,,,,,
Domestic,E175,E70,3884,3885,AUS,XNA,XNA,AUS,1510,1708,0158,1853,2056,0203,EMY,,,,,,,
Domestic,E175,E70,4250,4251,DCA,CLE,CLE,DCA,1745,1922,0137,2007,2137,0130,RBD,,,,,,,
Domestic,E175,E70,4136,4137,LGA,HHH,HHH,LGA,1735,1959,0224,2044,2257,0213,RBD,,,,,,,
Domestic,E175,E70,4480,4481,LGA,BUF,BUF,LGA,0800,0931,0131,1001,1126,0125,RBD,,,,,,,
Mexico,E175,E70,3310,3311,AUS,BJX,BJX,AUS,2239,2357,0218,0505,0817,0212,EMY,,,,,,,
Mexico,E175,E70,3312,3313,AUS,MTY,MTY,AUS,2317,2355,0138,0600,0834,0134,EMY,,,,,,,
Mexico,E175,E70,3660,3661,AUS,AGU,AGU,AUS,1000,1216,0216,1256,1504,0208,EMY,,,,,,,
Mexico,E175,E70,3574,3575,AUS,TRC,TRC,AUS,1042,1139,0157,1240,1527,0147,EMY,,,,,,,
Mexico,E175,E70,3348,3349,AUS,BJX,BJX,AUS,1152,1310,0218,1350,1702,0212,EMY,,,,,,,
Mexico,E175,E70,3340,3341,AUS,MTY,MTY,AUS,1332,1410,0138,1455,1729,0134,EMY,,,,,,,
Domestic,320/D,321E,870,870,RDU,LAS,LAS,RDU,1935,2150,0515,2250,0737,0547,NAC,,,,,,,
Domestic,320/D,319W,1848,1855,RDU,LGA,LGA,RDU,2205,2343,0138,0600,0744,0144,NAC,,,,,,,
Canada,E175,E7S,4152,4153,BOS,YUL,YUL,BOS,1740,1910,0130,2000,2126,0126,RBD,,,,,,,
Domestic,320/D,321K,1256,1273,RDU,LGA,LGA,RDU,1250,1428,0138,1513,1657,0144,NAC,,,,,,,
Domestic,320/D,321K,2270,2313,RDU,LGA,LGA,RDU,0655,0833,0138,2000,2144,0144,NAC,,,,,,,
Domestic,E175,E7S,4482,4483,LGA,RDU,RDU,LGA,2300,0050,0150,0500,0643,0143,RBD,,,,,,,
Domestic,E175,E7S,4348,4349,LGA,CLE,CLE,LGA,2045,2230,0145,0510,0646,0136,RBD,,,,,,,
Domestic,E175,E7S,4458,4459,PHL,IND,IND,PHL,2145,2359,0214,0500,0658,0158,RBD,,,,,,,
Domestic,E175,E7S,4328,4329,LGA,BOS,BOS,LGA,2135,2255,0120,0539,0700,0121,RBD,,,,,,,
Domestic,E175,E7S,4484,4485,LGA,CMH,CMH,LGA,2113,2305,0152,0534,0715,0141,RBD,,,,,,,
Domestic,737/D,738K,2170,2203,MIA,DTW,DTW,MIA,2058,2359,0301,0605,0902,0257,NAC,,,,,,,
Domestic,E175,E7S,4108,4109,LGA,CVG,CVG,LGA,2006,2210,0204,0605,0756,0151,RBD,,,,,,,
Domestic,E175,E7S,4102,4103,MCI,IND,IND,MCI,2110,2349,0139,0726,0815,0149,RBD,,,,,,,
Domestic,E175,E7S,4106,4107,MCI,IND,IND,MCI,1835,2114,0139,0730,0819,0149,RBD,,,,,,,
Domestic,737/D,738K,1622,1647,PHX,DTW,DTW,PHX,0905,1553,0348,1640,1804,0424,NAC,,,,,,,
Domestic,E175,E7S,4486,4487,LGA,ORF,ORF,LGA,2200,2333,0133,0700,0830,0130,RBD,,,,,,,
Domestic,E175,E7S,4258,4259,BOS,DCA,DCA,BOS,2235,0023,0148,0655,0834,0139,RBD,,,,,,,
Domestic,320/D,A320,1082,1091,RDU,LGA,LGA,RDU,1710,1755,0045,1855,1943,0048,NAC,,,,,,,
Domestic,737/D,738M,640,653,PHX,DTW,DTW,PHX,1807,0055,0348,0600,0724,0424,NAC,,,,,,,
Domestic,E175,E7S,4396,4397,MIA,TUL,TUL,MIA,2145,2359,0314,0510,0903,0253,RBD,,,,,,,
Domestic,E175,E7S,4118,4119,LGA,RDU,RDU,LGA,0950,1134,0144,0727,0905,0138,RBD,,,,,,,
Domestic,E175,E7S,4256,4257,DCA,CLE,CLE,DCA,1050,1223,0133,0740,0907,0127,RBD,,,,,,,
Domestic,E175,E7S,4402,4403,MIA,BUF,BUF,MIA,2043,2359,0316,0600,0919,0319,RBD,,,,,,,
Domestic,E175,E7S,4310,4311,LGA,BOS,BOS,LGA,0600,0720,0120,0805,0929,0124,RBD,,,,,,,
Domestic,E175,E7S,4274,4275,MIA,OKC,OKC,MIA,2120,2342,0322,0610,1009,0259,RBD,,,,,,,
Domestic,E175,E7S,4376,4377,MIA,OMA,OMA,MIA,2057,2355,0358,0600,1019,0319,RBD,,,,,,,
Domestic,E175,E7S,4488,4489,LGA,AVL,AVL,LGA,0700,0913,0213,0950,1150,0200,RBD,,,,,,,
Europe,A339,330N,210,209,RDU,LHR,LHR,RDU,1705,0601,0756,1145,1559,0914,NAC,,,,,,,
Domestic,E175,E7S,4240,4241,BOS,AVL,AVL,BOS,0700,0938,0238,1015,1236,0221,RBD,,0625,0903,0948,1209,0045,0045
Central America,737/I,738M,2308,2341,RDU,LIR,LIR,RDU,0850,1200,0510,1300,2010,0510,NAC,,,,,,,
Domestic,E175,E7S,4242,4243,BOS,DCA,DCA,BOS,0845,1033,0148,1118,1257,0139,RBD,,,,,,,
Domestic,E175,E7S,4248,4249,DCA,MSP,MSP,DCA,0640,0839,0259,0924,1301,0237,RBD,,,,,,,
Domestic,E175,E7S,4272,4273,LGA,IND,IND,LGA,0750,1014,0224,1059,1304,0205,RBD,,,,,,,
Domestic,E175,E7S,4288,4289,MIA,MCO,MCO,MIA,0943,1106,0123,1145,1306,0121,RBD,,,,,,,
Caribbean,320/I,321K,172,171,RDU,MBJ,MBJ,RDU,0710,0914,0304,1014,1419,0305,NAC,,1620,1811,1856,2036,0045,0045
Domestic,E175,E7S,4144,4145,LGA,PIT,PIT,LGA,0945,1121,0136,1201,1329,0128,RBD,,,,,,,
Domestic,E175,E7S,4144,4145,LGA,PIT,PIT,LGA,0945,1121,0136,1201,1329,0128,RBD,,,,,,,
Domestic,E175,E7S,4260,4261,MCI,EWR,EWR,MCI,0625,1020,0255,1105,1330,0325,RBD,,,,,,,
Domestic,E175,E7S,4260,4261,MCI,EWR,EWR,MCI,0625,1020,0255,1105,1330,0325,RBD,,,,,,,
Domestic,E175,E7S,4456,4457,MCI,IND,IND,MCI,0926,1205,0139,1245,1334,0149,RBD,,,,,,,
Domestic,E175,E7S,4148,4149,PHL,IND,IND,PHL,0905,1110,0205,1150,1342,0152,RBD,,,,,,,
Caribbean,320/I,321K,316,317,RDU,MBJ,MBJ,RDU,1450,1654,0304,1754,2159,0305,NAC,,,,,,,
Domestic,E175,E7S,4372,4373,MCI,DCA,DCA,MCI,0735,1113,0238,1158,1402,0304,RBD,,,,,,,
Domestic,E175,E7S,4246,4247,MCI,IAD,IAD,MCI,0740,1116,0236,1201,1402,0301,RBD,,,,,,,
Domestic,E175,E7S,4246,4247,MCI,IAD,IAD,MCI,0740,1116,0236,1201,1402,0301,RBD,,,,,,,
Domestic,E175,E7S,4280,4281,MIA,CHS,CHS,MIA,1000,1146,0146,1226,1412,0146,RBD,,,,,,,
Caribbean,737/I,738K,2418,2453,RDU,MBJ,MBJ,RDU,1245,1449,0304,1550,1955,0305,NAC,,,,,,,
Domestic,E175,E7S,4322,4323,MCI,EWR,EWR,MCI,0910,1254,0244,1234,1442,0308,RBD,,,,,,,
Domestic,E175,E7S,4368,4369,LGA,CLE,CLE,LGA,1125,1310,0145,1345,1521,0136,RBD,,,,,,,
Domestic,E175,E7S,4318,4319,LGA,BOS,BOS,LGA,1225,1343,0118,1423,1544,0121,RBD,,,,,,,
Domestic,E175,E7S,4366,4367,LGA,CMH,CMH,LGA,1135,1327,0152,1407,1548,0141,RBD,,,,,,,
Domestic,E175,E7S,4244,4245,MCI,PHL,PHL,MCI,1100,1438,0238,1418,1619,0301,RBD,,,,,,,
Domestic,737/D,738K,3902,3903,RDU,MCI,MCI,RDU,2237,2357,0220,0505,0859,0254,NAC,,,,,,,
Domestic,320/D,319W,2292,2329,RDU,MCO,MCO,RDU,1513,1706,0153,1045,1234,0149,NAC,,2350,0143,0510,0659,0045,0045
Domestic,E175,E7S,4492,4493,LGA,BUF,BUF,LGA,1305,1440,0135,1510,1638,0128,RBD,,,,,,,
Domestic,E175,E7S,4254,4255,DCA,MSP,MSP,DCA,1020,1205,0245,1345,1712,0227,RBD,,,,,,,
Domestic,E175,E7S,4394,4395,AUS,BNA,BNA,AUS,1215,1424,0209,1504,1728,0224,RBD,,,,,,,
Domestic,E175,E7S,4460,4461,MCI,IND,IND,MCI,1326,1605,0139,1645,1734,0149,RBD,,,,,,,
Domestic,E175,E7S,4264,4265,MCI,PHL,PHL,MCI,1230,1608,0238,1548,1749,0301,RBD,,,,,,,
Domestic,E175,E7S,4264,4265,MCI,PHL,PHL,MCI,1230,1608,0238,1548,1749,0301,RBD,,,,,,,
Domestic,320/D,321K,2297,2297,RDU,MCO,MCO,RDU,0930,1123,0153,1245,1434,0149,NAC,,,,,,,
Domestic,E175,E7S,4374,4375,JFK,CLE,CLE,JFK,1410,1556,0146,1630,1806,0136,RBD,,,,,,,
Domestic,E175,E7S,4494,4495,LGA,CLE,CLE,LGA,1405,1556,0151,1630,1810,0140,RBD,,,,,,,
Domestic,E175,E7S,4470,4471,LGA,RDU,RDU,LGA,1410,1554,0144,1634,1812,0138,RBD,,,,,,,
Domestic,320/D,321K,2494,2494,RDU,MCO,MCO,RDU,1705,1858,0153,1943,2132,0149,NAC,,,,,,,
Domestic,E175,E7S,4450,4451,LGA,CVG,CVG,LGA,1405,1609,0204,1649,1840,0151,RBD,,,,,,,
Domestic,E175,E7S,4342,4343,JFK,IND,IND,JFK,1350,1604,0214,1644,1843,0159,RBD,,,,,,,
Domestic,E175,E7S,4100,4101,DCA,IND,IND,DCA,1425,1619,0154,1704,1847,0143,RBD,,,,,,,
Domestic,E175,E7S,4238,4239,BOS,BWI,BWI,BOS,1450,1634,0144,1719,1855,0136,RBD,,,,,,,
Domestic,320/D,H205,598,605,RDU,MCO,MCO,RDU,1405,1635,0230,1735,2005,0230,NAC,,1620,1844,1929,2134,0045,0045
Domestic,E175,E7S,4142,4143,LGA,PIT,PIT,LGA,1505,1646,0141,1731,1903,0132,RBD,,,,,,,
Domestic,E175,E7S,4142,4143,LGA,PIT,PIT,LGA,1505,1646,0141,1731,1903,0132,RBD,,,,,,,
Domestic,E175,E7S,4282,4283,LGA,OMA,OMA,LGA,1240,1455,0315,1530,1920,0250,RBD,,,,,,,
Domestic,E175,E7S,4326,4327,LGA,BOS,BOS,LGA,1625,1743,0118,1823,1944,0121,RBD,,,,,,,
Domestic,E175,E7S,4294,4295,MIA,EYW,EYW,MIA,1635,1752,0117,1832,1947,0115,RBD,,,,,,,
Domestic,E175,E7S,4104,4105,PHL,IND,IND,PHL,1510,1724,0214,1809,2007,0158,RBD,,,,,,,
Domestic,E190,E95,4134,4135,RDU,MCO,MCO,RDU,1415,1608,0153,1653,1842,0149,PFT,,,,,,,
Domestic,E190,E95,4216,4217,RDU,MCO,MCO,RDU,1930,2123,0153,2208,2357,0149,PFT,,,,,,,
Domestic,E175,E7S,4380,4381,LGA,ORF,ORF,LGA,1710,1843,0133,1928,2058,0130,RBD,,,,,,,
Domestic,E145,EMJ,5898,5899,RDU,MDT,MDT,RDU,2230,2359,0129,0545,0716,0131,EMY,,,,,,,
Domestic,E145,EMJ,5992,5993,RDU,MDT,MDT,RDU,0830,0959,0129,1030,1201,0131,EMY,,,,,,,
Domestic,E145,EMJ,5812,5813,RDU,MDT,MDT,RDU,1450,1619,0129,1525,1656,0131,EMY,,,,,,,
Domestic,E175,E7S,4158,4159,LGA,RDU,RDU,LGA,1845,2029,0144,2114,2252,0138,RBD,,,,,,,
Domestic,E175,E7S,4158,4159,LGA,RDU,RDU,LGA,1845,2029,0144,2114,2252,0138,RBD,,,,,,,
Domestic,E175,E7S,4128,4129,LGA,BUF,BUF,LGA,1915,2046,0131,2131,2256,0125,RBD,,,,,,,
Domestic,E175,E7S,4128,4129,LGA,BUF,BUF,LGA,1915,2046,0131,2131,2256,0125,RBD,,,,,,,
Domestic,E175,E7W,5744,5745,SFO,ACV,ACV,SFO,0600,0728,0128,0813,0939,0126,SSX,,,,,,,
Domestic,E175,E7W,2370,2371,SAN,FAT,FAT,SAN,0600,0735,0135,0820,0952,0132,SSX,,,,,,,
Domestic,E175,E7W,2328,2329,PDX,ABQ,ABQ,PDX,0600,0959,0259,1044,1305,0321,SSX,,,,,,,
Alaska,E175,E7W,2302,2303,ANC,AKN,AKN,ANC,0620,0755,0135,,,0128,SSX,,,,,,,
Domestic,E175,E7W,5680,5681,SFO,MMH,MMH,SFO,0710,0830,0120,0915,1041,0126,SSX,,,,,,,
Alaska,E175,E7W,2324,2325,ANC,SEA,SEA,ANC,0725,1203,0338,1253,1559,0406,SSX,,,,,,,
Domestic,E175,E7W,5698,5699,SFO,ABQ,ABQ,SFO,0733,1105,0232,1135,1331,0256,SSX,,,,,,,
Domestic,737/D,738K,1567,1566,LAX,SFO,SFO,LAX,1110,1243,0133,1345,1504,0119,NAC,,,,,,,
Domestic,737/D,738R,1348,1349,LAX,SFO,SFO,LAX,1000,1133,0133,1240,1359,0119,AUR,,,,,,,
Alaska,E175,E7W,2318,2319,ANC,OTZ,OTZ,ANC,0800,1004,0204,,,0154,SSX,,,,,,,
Domestic,E175,E7W,2366,2367,PDX,SUN,SUN,PDX,0800,1042,0142,1130,1223,0153,SSX,,,,,,,
Domestic,E175,E7W,5768,5769,DEN,RAP,RAP,DEN,0810,0938,0128,1023,1143,0120,SSX,,,,,,,
Domestic,E175,E7W,5794,5795,SFO,FCA,FCA,SFO,0815,1145,0230,1230,1412,0242,SSX,,,,,,,
Domestic,E190,E95,4788,4789,RDU,MEM,MEM,RDU,2355,0105,0210,0830,1126,0156,PFT,,,,,,,
Domestic,E175,E7W,2352,2353,PDX,SBA,SBA,PDX,0840,1105,0225,1150,1419,0229,SSX,,,,,,,
Domestic,737/D,738R,2152,2153,LAX,SFO,SFO,LAX,1325,1458,0133,1540,1659,0119,AUR,,,,,,,
Domestic,E175,E7W,2326,2327,MRY,SAN,SAN,MRY,0855,1032,0137,1117,1301,0144,SSX,,,,,,,
Domestic,E175,E7W,2384,2385,STS,BUR,BUR,STS,0855,1033,0138,1118,1303,0145,SSX,,,,,,,
Domestic,E175,E7W,5692,5693,DEN,FCA,FCA,DEN,0855,1122,0227,1207,1412,0205,SSX,,,,,,,
Domestic,E175,E7W,2336,2337,PDX,BOI,BOI,PDX,0905,1138,0133,1223,1305,0142,SSX,,,,,,,
Domestic,737/D,738R,1349,1348,LAX,SFO,SFO,LAX,1440,1613,0133,1705,1824,0119,AUR,,,,,,,
Domestic,E175,E7W,5784,5785,SFO,SAN,SAN,SFO,0920,1104,0144,1149,1341,0152,SSX,,,,,,,
Domestic,E175,E7W,2380,2381,SAN,STS,STS,SAN,0925,1117,0152,1157,1342,0145,SSX,,,,,,,
Domestic,E175,E7W,6316,6317,LGA,OKC,OKC,LGA,0929,1210,0341,1240,1651,0311,SSX,,,,,,,
Alaska,E175,E7W,2316,2317,ANC,OME,OME,ANC,0930,1135,0205,1225,1417,0152,SSX,,,,,,,
Domestic,737/D,738R,861,860,LAX,SFO,SFO,LAX,1605,1738,0133,1835,1954,0119,AUR,,,,,,,
Domestic,E175,E7W,5788,5789,DEN,LIT,LIT,DEN,0945,1300,0215,1345,1509,0224,SSX,,,,,,,
Alaska,E175,E7W,2304,2305,ANC,BRW,BRW,ANC,1010,1232,0222,1322,1539,0217,SSX,,,,,,,
Domestic,E175,E7W,5720,5721,DEN,EGE,EGE,DEN,1010,1126,0116,1157,1259,0102,SSX,,,,,,,
Domestic,E175,E7W,2378,2379,SAN,SMF,SMF,SAN,1015,1210,0155,1255,1443,0148,SSX,,,,,,,
Domestic,E175,E7W,5750,5751,DEN,TUL,TUL,DEN,1020,1310,0150,1355,1448,0153,SSX,,,,,,,
Domestic,E175,E7W,2364,2365,PDX,STS,STS,PDX,1030,1222,0152,1307,1459,0152,SSX,,,,,,,
Domestic,737/D,738R,971,970,LAX,SFO,SFO,LAX,1825,1958,0133,2043,2202,0119,AUR,,,,,,,
Domestic,E175,E7W,5730,5731,SFO,SAT,SAT,SFO,1045,1627,0342,1712,1930,0418,SSX,,,,,,,
Domestic,E175,E7W,6320,6321,MCI,ASE,ASE,MCI,1050,1203,0213,1343,1641,0158,SSX,,,,,,,
Domestic,E175,E7W,5728,5729,DEN,ELP,ELP,DEN,1055,1254,0159,1439,1625,0146,SSX,,,,,,,
Domestic,E175,E7W,2376,2377,SAN,SJC,SJC,SAN,1100,1248,0148,1333,1514,0141,SSX,,,,,,,
Domestic,E175,E7W,5776,5777,SFO,RNO,RNO,SFO,1120,1240,0120,1325,1449,0124,SSX,,,,,,,
Domestic,E175,E7W,5732,5733,DEN,ACV,ACV,DEN,1130,1342,0312,1427,1801,0234,SSX,,,,,,,
Domestic,737/D,738R,860,861,LAX,SFO,SFO,LAX,2005,2138,0133,2230,2349,0119,AUR,,,,,,,
Domestic,E175,E7W,6282,6283,LAX,SFO,SFO,LAX,2100,2233,0133,0735,0854,0119,SSX,,,,,,,
Domestic,E175,E7W,6306,6307,LAX,SJC,SJC,LAX,1545,1716,0131,1801,1917,0116,SSX,,,,,,,
Domestic,E175,E7W,2338,2339,PDX,FAT,FAT,PDX,1305,1511,0206,1556,1806,0210,SSX,,,,,,,
Domestic,E175,E7W,5756,5757,DEN,LIT,LIT,DEN,1305,1620,0215,1705,1829,0224,SSX,,,,,,,
Mexico,320/D,321R,1460,1461,LAX,SJD,SJD,LAX,0914,1140,0226,1340,1608,0228,NAC,,,,,,,
Central America,737/I,738M,1378,1379,LAX,SJO,SJO,LAX,0146,0830,0544,0935,1456,0621,AUR,,,,,,,
Domestic,E175,E7W,2348,2349,PDX,ONT,ONT,PDX,1335,1606,0231,1651,1928,0237,SSX,,,,,,,
Domestic,E175,E7W,5678,5679,SFO,ASE,ASE,SFO,1340,1707,0227,1752,1942,0250,SSX,,,,,,,
Domestic,320/D,321F,4616,4617,LAX,SLC,SLC,LAX,0900,1153,0153,1238,1329,0151,PFT,,,,,,,
Domestic,E175,E7W,5790,5791,DEN,TUL,TUL,DEN,1355,1645,0150,1730,1823,0153,SSX,,,,,,,
Domestic,E175,E7W,6234,6235,PHX,TUS,TUS,PHX,1400,1514,0114,1559,1714,0115,SSX,,,,,,,
Domestic,E175,E7W,2520,2521,PDX,SEA,SEA,PDX,1409,1526,0117,1555,1712,0117,SSX,,,,,,,
Domestic,E175,E7W,2344,2345,PDX,LGB,LGB,PDX,1410,1642,0232,1727,2005,0238,SSX,,,,,,,
Domestic,E175,E7W,2382,2383,SNA,SMF,SMF,SNA,1440,1626,0146,1711,1851,0140,SSX,,,,,,,
Domestic,E175,E7W,2368,2369,PDX,TUS,TUS,PDX,1445,1747,0302,1832,2150,0318,SSX,,,,,,,
Domestic,E175,E7W,2332,2333,PDX,BIL,BIL,PDX,1450,1758,0208,1843,2009,0226,SSX,,,,,,,
Domestic,E145,E4X,6252,6253,LAX,SMF,SMF,LAX,1000,1136,0136,1216,1338,0122,SSX,,,,,,,
Domestic,E175,E7W,2340,2341,PDX,GEG,GEG,PDX,1506,1630,0124,1705,1835,0130,SSX,,,,,,,
Domestic,E175,E7W,5770,5771,SFO,SNA,SNA,SFO,1515,1651,0136,1736,1919,0143,SSX,,,,,,,
Domestic,E175,E7W,5782,5783,SFO,FAT,FAT,SFO,1520,1638,0118,1723,1845,0122,SSX,,,,,,,
Domestic,E175,E7W,5694,5695,SFO,ACV,ACV,SFO,1545,1713,0128,1758,1924,0126,SSX,,,,,,,
Domestic,E175,E7W,6218,6219,LAX,SMF,SMF,LAX,1030,1206,0136,1251,1413,0122,SSX,,,,,,,
Domestic,E175,E7W,5722,5723,DEN,SBP,SBP,DEN,1555,1753,0258,1838,2202,0224,SSX,,,,,,,
Canada,E175,E7W,2586,2587,PDX,YYC,YYC,PDX,1605,1900,0155,1950,2056,0206,SSX,,,,,,,
Domestic,E175,E7W,5716,5717,SFO,RDM,RDM,SFO,1605,1753,0148,1838,2028,0150,SSX,,,,,,,
Domestic,E175,E7W,6296,6297,LAX,SMF,SMF,LAX,1500,1636,0136,1721,1843,0122,SSX,,,,,,,
Domestic,E175,E7W,2372,2373,SAN,RNO,RNO,SAN,1630,1824,0154,1909,2059,0150,SSX,,,,,,,
Domestic,E175,E7W,5786,5787,DEN,ICT,ICT,DEN,1640,1917,0137,2002,2040,0138,SSX,,,,,,,
Caribbean,E175,E7W,3422,3423,MIA,FPO,FPO,MIA,1000,1115,0115,1200,1318,0118,EMY,,,,,,,
Caribbean,E175,E7W,3424,3425,MIA,GGT,GGT,MIA,1130,1257,0127,1340,1514,0134,EMY,,,,,,,
Caribbean,E175,E7W,3408,3409,MIA,ELH,ELH,MIA,1225,1348,0123,1418,1547,0129,EMY,,,,,,,
Caribbean,E175,E7W,4008,4009,MIA,OCJ,OCJ,MIA,1025,1115,0150,1305,1600,0155,EMY,,,,,,,
Domestic,E175,E7W,5798,5799,SFO,BUR,BUR,SFO,1655,1827,0132,1912,2050,0138,SSX,,,,,,,
Caribbean,E175,E7W,3396,3397,MIA,AXA,AXA,MIA,1005,1316,0311,1401,1742,0341,EMY,,,,,,,
Domestic,E175,E7W,5724,5725,DEN,SUN,SUN,DEN,1655,1900,0205,1945,2127,0142,SSX,,,,,,,
Domestic,E175,E7W,2354,2355,PDX,SBP,SBP,PDX,1655,1913,0218,1958,2219,0221,SSX,,,,,,,
Caribbean,E175,E7W,3406,3407,MIA,EIS,EIS,MIA,1040,1340,0300,1425,1753,0328,EMY,,,,,,,
Caribbean,E175,E7W,3382,3383,MIA,DOM,DOM,MIA,1010,1345,0335,1435,1843,0408,EMY,,,,,,,
Mexico,737/I,738M,136,137,RDU,MEX,MEX,RDU,1005,1235,0430,1335,2035,0500,NAC,,,,,,,
Domestic,E175,E7W,2350,2351,PDX,RNO,RNO,PDX,1700,1845,0145,1925,2114,0149,SSX,,,,,,,
Domestic,320/D,321K,854,849,RDU,MIA,MIA,RDU,0600,0840,0240,0940,1220,0240,NAC,,,,,,,
Domestic,320/D,321K,1420,1455,RDU,MIA,MIA,RDU,1950,2200,0210,2245,0053,0208,NAC,,,,,,,
Domestic,E175,E7W,5764,5765,DEN,HSV,HSV,DEN,1703,2050,0247,0750,0954,0304,SSX,,,,,,,
Domestic,E175,E7W,3416,3417,PHX,TUS,TUS,PHX,2244,2359,0115,0500,0617,0117,EMY,,,,,,,
Domestic,E175,E7W,3546,3547,PHX,OKC,OKC,PHX,1942,2359,0217,0600,0635,0235,EMY,,,,,,,
Domestic,320/D,321N,2456,2485,RDU,MIA,MIA,RDU,1445,1725,0240,1825,2105,0240,NAC,,,,,,,
Domestic,E175,E7W,3378,3379,PHX,ABQ,ABQ,PHX,2123,2355,0132,0600,0640,0140,EMY,,,,,,,
Domestic,E175,E7W,3538,3539,PHX,GJT,GJT,PHX,2116,2355,0139,0600,0644,0144,EMY,,,,,,,
Domestic,320/D,319W,260,259,RDU,MKE,MKE,RDU,2230,2344,0214,0615,0918,0203,NAC,,,,,,,
Domestic,E175,E7W,3558,3559,PHX,OMA,OMA,PHX,1909,2359,0250,0600,0715,0315,EMY,,,,,,,
Domestic,E175,E7W,4268,4269,MIA,TPA,TPA,MIA,2250,0012,0122,0600,0719,0119,EMY,,,,,,,
Domestic,E145,ERD,,,RDU,MSL,MSL,RDU,,,0155,,,0144,RVF,,,,,,,
Domestic,E175,E7W,3448,3449,MIA,GNV,GNV,MIA,2226,2359,0133,0600,0730,0130,EMY,,,,,,,
Domestic,E175,E7W,3542,3543,PHX,MFR,MFR,PHX,2126,2359,0233,0517,0737,0220,EMY,,,,,,,
Domestic,E145,ERD,,,RDU,MSL,MSL,RDU,,,0155,,,0144,RVF,,,,,,,
Domestic,320/D,319W,1314,1343,RDU,MSP,MSP,RDU,2057,2247,0250,0555,0928,0233,NAC,,,,,,,
Domestic,E175,E7W,3562,3563,PHX,STS,STS,PHX,2139,2355,0216,0550,0753,0203,EMY,,,,,,,
Domestic,E175,E7W,3470,3471,AUS,TUL,TUL,AUS,2045,2224,0139,0621,0802,0141,EMY,,,,,,,
Domestic,E175,E7W,3462,3463,AUS,CLE,CLE,AUS,2010,0005,0255,0605,0821,0316,EMY,,,,,,,
Domestic,737/D,738K,1200,1219,RDU,MSP,MSP,RDU,1105,1225,0220,1315,1709,0254,NAC,,,,,,,
Domestic,E175,E7W,3392,3393,MIA,SDF,SDF,MIA,1955,2231,0236,0600,0829,0229,EMY,,,,,,,
Domestic,E175,E7W,3560,3561,PHX,SAF,SAF,PHX,1803,2035,0132,0800,0839,0139,EMY,,,,,,,
Domestic,320/D,321K,3220,3221,RDU,MSY,MSY,RDU,2210,2337,0227,0500,0812,0212,NAC,,,,,,,
Domestic,E175,E7W,5704,5705,SFO,SBA,SBA,SFO,1715,1842,0127,1927,2057,0130,SSX,,,,,,,
Domestic,E175,E7W,3428,3429,MIA,SAV,SAV,MIA,2230,0017,0147,0700,0841,0141,EMY,,,,,,,
Domestic,E175,E7W,3410,3411,MIA,EYW,EYW,MIA,2112,2230,0118,0730,0846,0116,EMY,,,,,,,
Domestic,320/D,A320,2396,2429,RDU,MSY,MSY,RDU,1543,1710,0227,1750,2102,0212,NAC,,,,,,,
Domestic,E175,E7W,3532,3533,MIA,TYS,TYS,MIA,2236,0050,0214,0705,0914,0209,EMY,,,,,,,
Domestic,E175,E7W,3508,3509,PHX,FLG,FLG,PHX,0610,0726,0116,0811,0928,0117,EMY,,,,,,,
Domestic,E175,E7W,3554,3555,PHX,CLD,CLD,PHX,1917,2055,0138,0800,0929,0129,EMY,,,,,,,
Domestic,Q400,DH4,2324,2325,LAX,STS,STS,LAX,0600,0812,0212,0857,1045,0148,SSX,,,,,,,
Domestic,E175,E7W,3402,3403,MIA,CVG,CVG,MIA,2055,2346,0251,0715,1000,0245,EMY,,,,,,,
Domestic,E175,E7W,3618,3619,DEN,BHM,BHM,DEN,1704,2055,0251,0755,1003,0308,EMY,,,,,,,
Domestic,E190,E95,4252,4253,RDU,MSY,MSY,RDU,1213,1345,0232,1430,1742,0212,PFT,,,,,,,
Domestic,E175,E7W,2374,2375,SAN,SBA,SBA,SAN,1725,1850,0125,1935,2055,0120,SSX,,,,,,,
Domestic,320/D,319W,568,571,RDU,MYR,MYR,RDU,1405,1522,0117,1552,1709,0117,NAC,,,,,,,
Domestic,E175,E7W,5726,5727,SFO,GEG,GEG,SFO,1725,1943,0218,2028,2253,0225,SSX,,,,,,,
Domestic,E175,E7W,3446,3447,PHX,TUS,TUS,PHX,0730,0845,0115,0915,1032,0117,EMY,,,,,,,
Domestic,320/D,321K,2912,2913,RDU,MYR,MYR,RDU,2204,2321,0117,0628,0745,0117,NAC,,,,,,,
Domestic,E175,E7W,3420,3421,MIA,EYW,EYW,MIA,0715,0833,0118,0918,1034,0116,EMY,,,,,,,
Domestic,E175,E7W,3510,3511,PHX,FLG,FLG,PHX,0740,0856,0116,0941,1058,0117,EMY,,,,,,,
Domestic,E145,EMJ,5906,5907,RDU,MYR,MYR,RDU,2238,2355,0117,0555,0712,0117,EMY,,,,,,,
Domestic,E175,E7W,3466,3467,AUS,ELP,ELP,AUS,1840,1946,0206,0820,1111,0151,EMY,,1750,2222,2307,0210,0045,0045
Domestic,E145,EMJ,6120,6121,RDU,MYR,MYR,RDU,0943,1100,0117,1133,1250,0117,EMY,,,,,,,
Domestic,E175,E7W,3432,3433,AUS,BRO,BRO,AUS,0805,0936,0131,1006,1138,0132,EMY,,,,,,,
Domestic,E175,E7W,3520,3521,AUS,HOU,HOU,AUS,0830,0947,0117,1032,1153,0121,EMY,,,,,,,
Alaska,E175,E7W,2306,2307,ANC,DLG,DLG,ANC,1740,1920,0140,,,0132,SSX,,,,,,,
Domestic,Q400,DH4,2348,2349,LAX,STS,STS,LAX,1235,1414,0139,1459,1623,0124,SSX,,,,,,,
Domestic,320/D,H319,2031,2031,AUS,FLG,FLG,AUS,1115,1155,0240,1235,1657,0222,NAC,,,,,,,
Domestic,E175,E7W,5696,5697,DEN,ASE,ASE,DEN,1740,1856,0116,1941,2044,0103,SSX,,,,,,,
Domestic,E175,E7W,3460,3461,AUS,ELP,ELP,AUS,0814,0920,0206,0950,1241,0151,EMY,,,,,,,
Domestic,E175,E7W,3426,3427,PHX,SAF,SAF,PHX,0900,1136,0136,1221,1306,0145,EMY,,,,,,,
Domestic,E175,E7W,3556,3557,PHX,SBA,SBA,PHX,0855,1051,0156,1131,1315,0144,EMY,,,,,,,
Domestic,E175,E7W,3536,3537,PHX,GJT,GJT,PHX,0954,1233,0139,1305,1349,0144,EMY,,,,,,,
Domestic,E145,EMJ,5876,5877,RDU,MYR,MYR,RDU,1530,1647,0117,1720,1837,0117,EMY,,,,,,,
Domestic,E175,E7W,3550,3551,PHX,SAT,SAT,PHX,1435,1901,0226,1306,1354,0248,EMY,,,,,,,
Domestic,E175,E7W,3624,3625,AUS,ICT,ICT,AUS,0941,1136,0155,1210,1405,0155,EMY,,,,,,,
Domestic,E175,E7W,3372,3373,PHX,ELP,ELP,PHX,1030,1300,0130,1340,1417,0137,EMY,,,,,,,
Domestic,E145,EMJ,5958,5959,RDU,MYR,MYR,RDU,1705,1822,0117,1852,2009,0117,EMY,,,,,,,
Domestic,E175,E7W,3666,3667,AUS,ECP,ECP,AUS,0914,1125,0211,1200,1430,0230,EMY,,,,,,,
Domestic,E175,E7W,3500,3501,PHX,EGE,EGE,PHX,1000,1252,0152,1330,1430,0200,EMY,,,,,,,
Domestic,E175,E7W,3336,3337,AUS,OKC,OKC,AUS,1107,1245,0138,1315,1453,0138,EMY,,,,,,,
Domestic,E175,E7W,5702,5703,DEN,BZN,BZN,DEN,1750,1948,0158,2033,2212,0139,SSX,,,,,,,
Domestic,E175,E7W,2360,2361,PDX,SLC,SLC,PDX,1750,2053,0203,2138,2255,0217,SSX,,,,,,,
Domestic,E175,E7W,3548,3549,PHX,OKC,OKC,PHX,0815,1232,0217,1420,1455,0235,EMY,,,,,,,
Caribbean,320/D,319W,3878,3879,RDU,NAS,NAS,RDU,0950,1203,0213,1248,1503,0215,NAC,,,,,,,
Domestic,E175,E7W,3366,3367,MCI,MSP,MSP,MCI,1100,1240,0140,1325,1507,0142,EMY,,,,,,,
Domestic,E175,E7W,3490,3491,AUS,SLC,SLC,AUS,0835,1053,0318,1123,1508,0245,EMY,,,,,,,
Domestic,E175,E7W,3482,3483,AUS,MSY,MSY,AUS,1034,1216,0142,1317,1512,0155,EMY,,,,,,,
Domestic,E175,E7W,3434,3435,PHX,OMA,OMA,PHX,0905,1344,0239,1415,1515,0300,EMY,,,,,,,
Domestic,E175,E7W,3540,3541,PHX,MFR,MFR,PHX,0954,1227,0233,1303,1523,0220,EMY,,,,,,,
Domestic,E175,E7W,2538,2539,PDX,MRY,MRY,PDX,1755,2002,0207,2047,2255,0208,SSX,,,,,,,
Caribbean,E175,E7S,4432,4433,RDU,NAS,NAS,RDU,1410,1632,0222,1710,1934,0224,RBD,,1540,1724,1809,1947,0045,0045
Domestic,E145,EMJ,6042,6043,RDU,OAJ,OAJ,RDU,2240,2353,0113,0500,0615,0115,EMY,,,,,,,
Domestic,E175,E7W,3384,3385,MIA,MSY,MSY,MIA,1615,1729,0214,1228,1529,0201,EMY,,1100,1238,1328,1500,0050,0050
Domestic,E175,E7W,3342,3343,PHX,MRY,MRY,PHX,1040,1254,0214,1334,1533,0159,EMY,,,,,,,
Domestic,E175,E7W,3394,3395,MIA,AVL,AVL,MIA,1041,1249,0208,1330,1535,0205,EMY,,,,,,,
Domestic,E175,E7W,3628,3629,PHX,RAP,RAP,PHX,1000,1224,0224,1304,1539,0235,EMY,,,,,,,
Domestic,E175,E7W,3654,3655,PHX,ICT,ICT,PHX,1000,1221,0221,1301,1540,0239,EMY,,,,,,,
Domestic,E175,E7W,4266,4267,LGA,CVG,CVG,LGA,1105,1309,0204,1349,1540,0151,RBD,,,,,,,
Domestic,E145,EMJ,5986,5987,RDU,OAJ,OAJ,RDU,1251,1404,0113,1450,1605,0115,EMY,,,,,,,
Domestic,E175,E7W,3698,3699,AUS,CID,CID,AUS,0955,1230,0235,1305,1549,0244,EMY,,,,,,,
Domestic,E175,E7W,4340,4341,LGA,MSP,MSP,LGA,0910,1123,0313,1208,1555,0247,RBD,,,,,,,
Domestic,E175,E7W,3514,3515,AUS,GJT,GJT,AUS,1005,1153,0248,1225,1556,0231,EMY,,,,,,,
Domestic,E175,E7W,3498,3499,PHX,BUR,BUR,PHX,1100,1245,0145,1430,1605,0135,EMY,,,,,,,
Domestic,E175,E7W,3438,3439,MCI,BZN,BZN,MCI,0915,1102,0247,1242,1611,0229,EMY,,,,,,,
Domestic,E175,E7W,3344,3345,MIA,CMH,CMH,MIA,1005,1300,0255,1330,1621,0251,EMY,,,,,,,
Domestic,737/D,738K,1546,1547,RDU,OMA,OMA,RDU,1120,1215,0155,1300,1555,0155,NAC,,,,,,,
Domestic,E175,E7W,3354,3355,AUS,GNV,GNV,AUS,1017,1352,0235,1425,1626,0301,EMY,,,,,,,
Domestic,E175,E7W,3486,3487,AUS,CLE,CLE,AUS,0910,1318,0308,1403,1636,0333,EMY,,,,,,,
Domestic,E175,E7W,3368,3369,AUS,SMF,SMF,AUS,0825,1043,0418,1113,1639,0326,EMY,,,,,,,
Domestic,737/D,738M,558,565,RDU,OMA,OMA,RDU,2210,0004,0254,0500,0834,0234,NAC,,,,,,,
Domestic,E175,E7W,3368,3369,AUS,SMF,SMF,AUS,0825,1043,0418,1120,1646,0326,EMY,,,,,,,
Domestic,E175,E7W,3464,3465,AUS,CVG,CVG,AUS,1150,1521,0231,1501,1649,0248,EMY,,,,,,,
Domestic,E175,E7W,3412,3413,MIA,EYW,EYW,MIA,1345,1502,0117,1542,1657,0115,EMY,,,,,,,
Domestic,E175,E7W,3534,3535,PHX,BZN,BZN,PHX,1130,1455,0225,1535,1701,0226,EMY,,,,,,,
Domestic,320/D,321K,122,123,RDU,ORD,ORD,RDU,1620,1718,0158,1803,2107,0204,NAC,,,,,,,
Domestic,E175,E7W,3600,3601,AUS,RAP,RAP,AUS,1050,1248,0258,1325,1716,0251,EMY,,,,,,,
Domestic,E175,E7W,3404,3405,MIA,CVG,CVG,MIA,1135,1414,0239,1454,1728,0234,EMY,,,,,,,
Domestic,E175,E7W,3502,3503,PHX,SBP,SBP,PHX,1215,1410,0155,1550,1734,0144,EMY,,,,,,,
Domestic,E175,E7W,3478,3479,AUS,JAX,JAX,AUS,1235,1604,0229,1544,1735,0251,EMY,,,,,,,
Domestic,E175,E7W,3436,3437,PHX,CLD,CLD,PHX,1300,1433,0133,1613,1739,0126,EMY,,,,,,,
Domestic,E175,E7W,3640,3641,PHX,CID,CID,PHX,1000,1316,0316,1356,1743,0347,EMY,,,,,,,
Alaska,E175,E7W,2320,2321,ANC,OTZ,OTZ,ANC,1825,2029,0204,,,0154,SSX,,,,,,,
Domestic,E175,E7W,4300,4301,LGA,BNA,BNA,LGA,1130,1256,0226,1436,1746,0210,RBD,,,,,,,
Domestic,E175,E7W,3390,3391,MIA,SDF,SDF,MIA,1200,1448,0248,1533,1812,0239,EMY,,,,,,,
Domestic,320/D,A320,218,217,RDU,ORD,ORD,RDU,1010,1108,0158,1153,1457,0204,NAC,,,,,,,
Domestic,E175,E7W,3524,3525,AUS,SAF,SAF,AUS,1405,1511,0206,1545,1840,0155,EMY,,,,,,,
Domestic,737/D,738K,1662,1695,RDU,ORD,ORD,RDU,1540,1638,0158,1723,2027,0204,NAC,,,,,,,
Domestic,320/D,H319,3004,3005,PHX,MEM,MEM,PHX,0955,1457,0302,1540,1711,0331,NAC,,,,,,,
Domestic,E175,E7W,2346,2347,PDX,ONT,ONT,PDX,1830,2101,0231,0700,0937,0237,SSX,,,,,,,
Mexico,737/D,738K,504,505,PHX,MEX,MEX,PHX,0930,1334,0304,1535,1757,0322,NAC,,,,,,,
Domestic,E175,E7W,4442,4443,RDU,ORD,ORD,RDU,1830,1928,0158,2108,0012,0204,RBD,,,,,,,
Domestic,E175,E7W,6236,6237,LAX,TUL,TUL,LAX,0845,1402,0317,1447,1629,0342,SSX,,,,,,,
Domestic,320/D,321K,2290,2329,RDU,ORF,ORF,RDU,2239,2355,0116,0605,0725,0120,NAC,,,,,,,
Domestic,E175,E7W,3522,3523,AUS,HOU,HOU,AUS,1625,1742,0117,1827,1948,0121,EMY,,,,,,,
Domestic,E175,E7W,3472,3473,AUS,CVG,CVG,AUS,1450,1821,0231,1801,1949,0248,EMY,,,,,,,
Domestic,E175,E7W,5738,5739,DEN,FAR,FAR,DEN,1840,2141,0201,2226,2328,0202,SSX,,,,,,,
Domestic,E175,E7W,2358,2359,PDX,SLC,SLC,PDX,1841,2144,0203,0825,0942,0217,SSX,,,,,,,
Domestic,E175,E7W,3370,3371,PHX,RDM,RDM,PHX,1320,1556,0236,1736,2002,0226,EMY,,,,,,,
Domestic,320/D,321K,2382,2411,RDU,ORF,ORF,RDU,1149,1305,0116,1355,1515,0120,NAC,,,,,,,
Domestic,737/D,738K,1112,1129,RDU,ORF,ORF,RDU,1630,1746,0116,1835,1955,0120,NAC,,,,,,,
Domestic,E145,EMJ,5916,5917,RDU,ORF,ORF,RDU,0700,0816,0116,0855,1015,0120,EMY,,,,,,,
Domestic,E175,E7W,3544,3545,PHX,MRY,MRY,PHX,1603,1817,0214,1847,2046,0159,EMY,,1750,1932,2017,2154,0045,0045
Domestic,E175,E7W,4152,4152,AUS,SDF,SDF,AUS,1528,1850,0222,1925,2103,0238,EMY,,,,,,,
Domestic,E145,EMJ,5954,5955,RDU,ORF,ORF,RDU,1830,1946,0116,2020,2140,0120,EMY,,,,,,,
Domestic,E175,E7W,3440,3441,AUS,RNO,RNO,AUS,1345,1531,0346,1611,2129,0318,EMY,,,,,,,
Domestic,E175,E7W,3418,3419,AUS,MFE,MFE,AUS,1810,1937,0127,2017,2143,0126,EMY,,,,,,,
Domestic,E175,E7W,5740,5741,DEN,GJT,GJT,DEN,1850,2014,0124,2059,2208,0109,SSX,,,,,,,
Domestic,E175,E7W,5676,5677,AUS,SUN,SUN,AUS,1850,2136,0346,0820,1242,0322,SSX,,,,,,,
Domestic,E175,E7W,3506,3507,PHX,TUL,TUL,PHX,1650,2117,0227,2057,2145,0248,EMY,,,,,,,
Domestic,E145,ERD,,,RDU,OWB,OWB,RDU,,,0152,,,0141,RVF,,,,,,,
Domestic,E175,E7W,3474,3475,AUS,BRO,BRO,AUS,1820,1948,0128,2028,2156,0128,EMY,,,,,,,
Domestic,E175,E7W,3376,3377,PHX,SBA,SBA,PHX,1805,1954,0149,2025,2204,0139,EMY,,,,,,,
Domestic,E175,E7W,3468,3469,AUS,ABQ,ABQ,AUS,1714,1830,0216,1905,2207,0202,EMY,,,,,,,
Domestic,E175,E7W,5674,5675,AUS,ASE,ASE,AUS,1855,2023,0228,2203,0119,0216,SSX,,,,,,,
Domestic,E175,E7W,5714,5715,SFO,OTH,OTH,SFO,1855,2040,0145,,,0142,SSX,,,,,,,
Domestic,E175,E7W,4404,4405,LGA,BNA,BNA,LGA,1555,1721,0226,1901,2211,0210,RBD,,,,,,,
Domestic,E175,E7W,3504,3505,PHX,SJC,SJC,PHX,1635,1843,0208,2023,2218,0155,EMY,,,,,,,
Domestic,E175,E7W,3322,3323,MIA,IAH,IAH,MIA,1605,1810,0305,1850,2220,0230,EMY,,,,,,,
Domestic,E175,E7W,3386,3387,PHX,STS,STS,PHX,1640,1856,0216,2036,2239,0203,EMY,,,,,,,
Domestic,E175,E7W,3388,3389,MIA,SAT,SAT,MIA,1005,1236,0331,1934,2335,0301,EMY,,,,,,,
Domestic,E175,E7W,4422,4423,MIA,BNA,BNA,MIA,1720,1845,0225,2025,2342,0217,EMY,,,,,,,
Mexico,E175,E7W,3306,3307,MIA,MTY,MTY,MIA,1910,2037,0327,0730,1229,0259,EMY,,,,,,,
Mexico,E175,E7W,3352,3353,MIA,CZM,CZM,MIA,1015,1110,0155,1255,1550,0155,EMY,,,,,,,
Mexico,E175,E7W,3346,3347,MIA,MID,MID,MIA,1120,1135,0215,1220,1622,0202,EMY,,,,,,,
Mexico,E175,E7W,3332,3333,AUS,ZIH,ZIH,AUS,1130,1315,0245,1355,1734,0239,EMY,,0945,1417,1502,1805,0045,0045
Alaska,E175,E7W,2310,2311,ANC,FAI,FAI,ANC,1910,2034,0124,2124,2250,0126,SSX,,,,,,,
Mexico,E175,E7W,3456,3457,PHX,LTO,LTO,PHX,1225,1413,0148,1608,1757,0149,EMY,,,,,,,
Mexico,E175,E7W,3332,3333,AUS,ZIH,ZIH,AUS,1145,1330,0245,1430,1809,0239,EMY,,,,,,,
Mexico,E175,E7W,3364,3365,AUS,MID,MID,AUS,1340,1505,0225,1535,1913,0238,EMY,,,,,,,
Domestic,E175,E7W,2342,2343,PDX,GEG,GEG,PDX,1910,2037,0127,2122,2256,0134,SSX,,,,,,,
Mexico,E175,E7W,3364,3365,AUS,MID,MID,AUS,1340,1505,0225,1535,1913,0238,EMY,,,,,,,
Domestic,E175,E7W,5796,5797,DEN,EGE,EGE,DEN,1920,2036,0116,0700,0802,0102,SSX,,,,,,,
Domestic,E175,E7W,5712,5713,SFO,SUN,SUN,SFO,1945,2244,0159,0850,1001,0211,SSX,,,,,,,
Domestic,E175,E7W,5748,5749,SFO,EGE,EGE,SFO,1945,2312,0227,0535,0725,0250,SSX,,,,,,,
Domestic,E175,E7W,5718,5719,DEN,MRY,MRY,DEN,1945,2148,0303,2159,0126,0227,SSX,,,,,,,
Domestic,E175,E7W,6314,6315,LGA,OKC,OKC,LGA,2014,2255,0341,0505,0916,0311,SSX,,,,,,,
Canada,E175,E7W,2524,2525,PDX,YYC,YYC,PDX,2020,2315,0155,0715,0821,0206,SSX,,,,,,,
Domestic,E175,E7W,5762,5763,DEN,MSO,MSO,DEN,2020,2239,0219,0655,0851,0156,SSX,,,,,,,
Domestic,E175,E7W,5690,5691,SFO,BLI,BLI,SFO,2020,2245,0225,0830,1055,0225,SSX,,,,,,,
Alaska,E175,E7W,2312,2313,ANC,FAI,FAI,ANC,2050,2217,0127,2307,0036,0129,SSX,,,,,,,
Domestic,E175,E7W,2330,2331,PDX,BIL,BIL,PDX,2050,2358,0208,0730,0856,0226,SSX,,,,,,,
Domestic,E175,E7W,2362,2363,PDX,SMF,SMF,PDX,2100,2250,0150,0717,0908,0151,SSX,,,,,,,
Domestic,E145,E4X,6286,6287,LAX,TUS,TUS,LAX,1000,1138,0138,1218,1356,0138,SSX,,,,,,,
Domestic,E175,E7W,2334,2335,PDX,BOI,BOI,PDX,2123,2356,0133,0604,0646,0142,SSX,,,,,,,
Domestic,E175,E7W,5700,5701,SFO,SBA,SBA,SFO,2135,2302,0127,0535,0705,0130,SSX,,,,,,,
Domestic,E175,E7W,5792,5793,DEN,ABQ,ABQ,DEN,2140,2315,0135,0515,0638,0123,SSX,,,,,,,
Domestic,E175,E7W,5688,5689,SFO,MFR,MFR,SFO,2140,2315,0135,0605,0739,0134,SSX,,,,,,,
Domestic,E145,E4X,6292,6293,LAX,TUS,TUS,LAX,2221,2359,0138,0600,0738,0138,SSX,,,,,,,
Domestic,E175,E7W,5766,5767,DEN,ASE,ASE,DEN,2150,2306,0116,0612,0715,0103,SSX,,,,,,,
Domestic,E175,E7W,6228,6229,LAX,TUS,TUS,LAX,1132,1310,0138,1355,1533,0138,SSX,,,,,,,
Domestic,E175,E7W,5708,5709,DEN,RDM,RDM,DEN,2207,2359,0252,0515,0835,0220,SSX,,,,,,,
Alaska,E175,E7W,2308,2309,ANC,FAI,FAI,ANC,2220,2344,0124,0700,0826,0126,SSX,,,,,,,
Domestic,E175,E7W,2356,2357,PDX,SEA,SEA,PDX,2230,2347,0117,0635,0752,0117,SSX,,,,,,,
Domestic,E175,E7W,6258,6259,LAX,TUS,TUS,LAX,2140,2318,0138,0430,0608,0138,SSX,,,,,,,
Domestic,E175,E7W,6270,6271,LAX,XNA,XNA,LAX,1305,1818,0313,1903,2037,0334,SSX,,,,,,,
Alaska,E175,E7W,2314,2315,ANC,OME,OME,ANC,2325,0130,0205,0705,0857,0152,SSX,,,,,,,
Domestic,E190,E90,2502,2503,DEN,CLT,CLT,DEN,0650,1204,0314,1249,1424,0335,OLD,,,,,,,
Domestic,E190,E90,2312,2343,DEN,MSN,MSN,DEN,0925,1242,0217,1327,1454,0227,OLD,,,,,,,
Canada,E190,E90,276,277,DEN,YYZ,YYZ,DEN,1010,1522,0312,1612,1746,0334,OLD,,,,,,,
Domestic,E190,E90,2568,2569,DEN,CLT,CLT,DEN,1525,2039,0314,2124,2259,0335,OLD,,,,,,,
Domestic,E190,E90,1162,1173,AUS,MCI,MCI,AUS,1245,1447,0202,1532,1737,0205,NAC,,,,,,,
Domestic,E190,E90,2228,2257,BOS,ATL,ATL,BOS,1909,2150,0241,0505,0740,0235,NAC,,,,,,,
Domestic,E190,E90,1074,1083,BOS,ATL,ATL,BOS,0850,1131,0241,1216,1451,0235,NAC,,1030,1149,1234,1356,0045,0045
Domestic,E190,E90,806,837,BOS,BUF,BUF,BOS,1235,1420,0145,1505,1641,0136,NAC,,,,,,,
Domestic,E190,E90,1456,1499,BOS,BWI,BWI,BOS,1855,2036,0141,2121,2255,0134,NAC,,,,,,,
Domestic,E190,E90,524,529,BOS,CLE,CLE,BOS,1755,2001,0206,2046,2238,0152,NAC,,,,,,,
Domestic,E190,E90,1222,1223,BOS,DCA,DCA,BOS,0600,0744,0144,0815,0952,0137,NAC,,,,,,,
Domestic,E190,E90,2294,1870,BOS,DCA,DCA,BOS,0800,0944,0144,1030,1207,0137,NAC,,,,,,,
Domestic,E190,E90,2952,2953,BOS,DCA,DCA,BOS,1200,1344,0144,1430,1607,0137,NAC,,,,,,,
Domestic,E190,E90,3882,3883,BOS,DCA,DCA,BOS,1700,1842,0142,1915,2050,0135,NAC,,1145,1316,1406,1537,0050,0050
Domestic,E190,E90,1358,1377,BOS,DFW,DFW,BOS,0800,1108,0408,1153,1637,0344,NAC,,,,,,,
Domestic,E145,ERD,,,RDU,OWB,OWB,RDU,,,0152,,,0141,RVF,,,,,,,
Domestic,E190,E90,922,927,BOS,IAH,IAH,BOS,0750,1114,0424,1159,1648,0349,NAC,,,,,,,
Domestic,E190,E90,554,559,BOS,IAH,IAH,BOS,0825,1149,0424,1234,1723,0349,NAC,,,,,,,
Domestic,E190,E90,744,749,BOS,IAH,IAH,BOS,1430,1754,0424,1839,2328,0349,NAC,,,,,,,
Domestic,E190,E90,2328,2363,BOS,JAX,JAX,BOS,2155,0054,0259,0545,0829,0244,NAC,,,,,,,
Domestic,E190,E90,2178,2215,BOS,JFK,JFK,BOS,1500,1623,0123,1708,1827,0119,NAC,,,,,,,
Domestic,E190,E90,706,717,BOS,MCI,MCI,BOS,0610,0849,0339,0934,1342,0308,NAC,,,,,,,
Domestic,E190,E90,2404,2437,BOS,MSP,MSP,BOS,1340,1600,0320,1645,2037,0252,NAC,,,,,,,
Domestic,E190,E90,1150,1163,BOS,ORD,ORD,BOS,1125,1300,0235,1345,1715,0230,NAC,,,,,,,
Domestic,E190,E90,2286,2323,BOS,ORD,ORD,BOS,1620,1755,0235,1840,2210,0230,NAC,,,,,,,
Domestic,E190,E90,1212,1229,BOS,PHL,PHL,BOS,0625,0756,0131,0841,1006,0125,NAC,,0625,0756,0841,1006,0045,0045
Domestic,E190,E90,3096,3097,BOS,PHL,PHL,BOS,1550,1721,0131,1806,1931,0125,NAC,,1550,1721,1806,1931,0045,0045
Domestic,E190,E90,1578,1609,BOS,PIT,PIT,BOS,0655,0852,0157,0937,1122,0145,NAC,,,,,,,
Domestic,E190,E90,1656,1695,BOS,RDU,RDU,BOS,1530,1739,0209,1824,2023,0159,NAC,,,,,,,
Canada,E190,E90,1216,1249,BOS,YYZ,YYZ,BOS,0945,1136,0151,1226,1406,0140,NAC,,,,,,,
Domestic,E190,E90,1788,1779,DCA,ACK,ACK,DCA,1005,1140,0135,1215,1358,0143,NAC,,,,,,,
Domestic,E190,E90,1102,1109,DCA,DFW,DFW,DCA,2138,2355,0317,0515,0916,0301,NAC,,,,,,,
Domestic,E190,E90,1652,1653,DCA,DFW,DFW,DCA,0738,0955,0317,1029,1430,0301,NAC,,,,,,,
Domestic,E190,E90,1582,1583,DCA,FLL,FLL,DCA,1502,1740,0238,1814,2048,0234,NAC,,,,,,,
Domestic,E190,E90,1868,1869,DCA,IAH,IAH,DCA,2129,2359,0330,0555,0959,0304,NAC,,,,,,,
Domestic,E190,E90,528,523,DCA,IAH,IAH,DCA,1035,1305,0330,1345,1749,0304,NAC,,,,,,,
Domestic,E190,E90,1914,1915,DCA,MSP,MSP,DCA,2207,2359,0252,0545,0917,0232,NAC,,,,,,,
Domestic,E190,E90,1960,1965,DCA,MSP,MSP,DCA,1430,1622,0252,1659,2031,0232,NAC,,,,,,,
Domestic,E190,E90,1140,1155,DCA,MSY,MSY,DCA,1755,1900,0205,2045,2355,0210,NAC,,,,,,,
Caribbean,E190,E90,1976,1977,DCA,NAS,NAS,DCA,1320,1602,0242,1645,1927,0242,NAC,,,,,,,
Domestic,E190,E90,774,781,DCA,RSW,RSW,DCA,0955,1248,0253,1418,1728,0310,NAC,,,,,,,
Domestic,E190,E90,374,375,JFK,BOS,BOS,JFK,1705,1823,0118,1908,2029,0121,NAC,,,,,,,
Domestic,E190,E90,584,587,JFK,BOS,BOS,JFK,1715,1833,0118,1920,2041,0121,NAC,,,,,,,
Domestic,E190,E90,2300,2337,LGA,ATL,ATL,LGA,2210,0027,0217,0605,0819,0214,NAC,,,,,,,
Domestic,E190,E90,2218,1399,LGA,ATL,ATL,LGA,1540,1757,0217,1842,2056,0214,NAC,,0610,0729,0814,0936,0045,0045
Domestic,E190,E90,222,221,LGA,BOS,BOS,LGA,0600,0719,0119,0800,0922,0122,NAC,,,,,,,
Domestic,E190,E90,1218,1231,LGA,BOS,BOS,LGA,0610,0729,0119,0814,0936,0122,NAC,,1320,1445,1530,1651,0045,0045
Domestic,E190,E90,1274,1311,LGA,BOS,BOS,LGA,0800,0919,0119,1000,1122,0122,NAC,,,,,,,
Domestic,E190,E90,1018,1043,LGA,BOS,BOS,LGA,1030,1149,0119,1234,1356,0122,NAC,,1830,1949,2034,2156,0045,0045
Domestic,E190,E90,2900,2901,LGA,BOS,BOS,LGA,1400,1519,0119,1600,1722,0122,NAC,,,,,,,
Domestic,E190,E90,2964,2965,LGA,BOS,BOS,LGA,1500,1618,0118,1700,1821,0121,NAC,,,,,,,
Domestic,E190,E90,2026,2027,LGA,BOS,BOS,LGA,1830,1949,0119,2034,2156,0122,NAC,,0705,0930,1015,1036,0045,0045
Domestic,E190,E90,766,771,LGA,BOS,BOS,LGA,0715,0834,0119,0910,1032,0122,NAC,,,,,,,
Domestic,E190,E90,858,865,LGA,DCA,DCA,LGA,0700,0825,0125,0830,0951,0121,NAC,,,,,,,
Domestic,E190,E90,1750,1743,LGA,DCA,DCA,LGA,1320,1445,0125,1530,1651,0121,NAC,,1750,2015,2100,2121,0045,0045
Domestic,E190,E90,2924,2925,LGA,DCA,DCA,LGA,1600,1724,0124,1640,1800,0120,NAC,,,,,,,
Domestic,E190,E90,3000,3001,LGA,DCA,DCA,LGA,1700,1825,0125,1905,2026,0121,NAC,,,,,,,
Domestic,E190,E90,2466,2495,LGA,DCA,DCA,LGA,2005,2130,0125,2101,2222,0121,NAC,,,,,,,
Domestic,320/D,321K,2960,2961,RDU,PBI,PBI,RDU,2010,2213,0203,0815,1016,0201,NAC,,,,,,,
Caribbean,320/I,319W,2426,2459,MIA,POP,POP,MIA,1005,1213,0208,1255,1517,0222,NAC,,,,,,,
Domestic,320/D,319W,187,188,AUS,PVU,PVU,AUS,1425,1623,0258,1708,2049,0241,NAC,,,,,,,
Domestic,320/D,319W,3236,3237,MIA,RDU,RDU,MIA,2207,0015,0208,0630,0840,0210,NAC,,,,,,,
Domestic,320/D,319W,1590,1621,MIA,RIC,RIC,MIA,1215,1436,0221,1521,1746,0225,NAC,,,,,,,
Domestic,320/D,319W,774,781,DCA,RSW,RSW,DCA,0955,1248,0253,1418,1728,0310,NAC,,,,,,,
Central America,320/I,319W,988,989,MIA,RTB,RTB,MIA,1130,1151,0221,1255,1707,0212,NAC,,,,,,,
Domestic,320/D,319W,2194,2229,MIA,SAV,SAV,MIA,1520,1702,0142,1747,1928,0141,NAC,,,,,,,
Domestic,320/D,A320,3952,3953,RDU,PBI,PBI,RDU,2156,2359,0203,0500,0701,0201,NAC,,,,,,,
Domestic,320/D,319W,1210,1211,MIA,SDF,SDF,MIA,1946,2222,0236,0647,0916,0229,NAC,,,,,,,
Domestic,320/D,319W,1986,2017,MIA,STL,STL,MIA,1017,1214,0257,1254,1639,0245,NAC,,,,,,,
Domestic,320/D,319W,3866,3867,MIA,STL,STL,MIA,1610,1807,0257,1857,2242,0245,NAC,,,,,,,
Domestic,320/D,319W,570,2059,DCA,TPA,TPA,DCA,0800,1025,0225,1205,1423,0218,NAC,,1130,1355,1440,1658,0045,0045
Domestic,320/D,319W,1510,1543,DCA,TPA,TPA,DCA,1650,1915,0225,0955,1213,0218,NAC,,1355,1620,1705,1923,0045,0045
Domestic,320/D,319W,2274,2315,MIA,TPA,TPA,MIA,1345,1507,0122,1555,1714,0119,NAC,,,,,,,
Domestic,320/D,319W,1560,1573,MIA,TPA,TPA,MIA,0753,0915,0122,1955,2114,0119,NAC,,,,,,,
Domestic,320/D,319W,3276,3277,MIA,TPA,TPA,MIA,1543,1705,0122,1745,1904,0119,NAC,,,,,,,
Domestic,E190,E90,1484,1513,DEN,MKE,MKE,DEN,2215,0140,0225,0510,0647,0237,OLD,,,,,,,
Domestic,E190,E95,4342,4343,MCO,TUL,TUL,MCO,0600,0754,0254,0839,1214,0235,PFT,,,,,,,
Hawaii,E190,E95,130,139,OGG,KOA,KOA,OGG,0600,0713,0113,0758,0912,0114,AAH,,,,,,,
Hawaii,E190,E95,151,152,HNL,ITO,ITO,HNL,0610,0731,0121,0816,0942,0126,AAH,,,,,,,
Domestic,E190,E95,1230,2047,SFO,SNA,SNA,SFO,0620,0754,0134,0839,1020,0141,OLD,,,,,,,
Hawaii,E190,E95,549,559,LIH,OGG,OGG,LIH,0630,0750,0120,0835,0959,0124,AAH,,,,,,,
Domestic,E190,E95,4452,4453,MCO,BGR,BGR,MCO,0635,0949,0314,1034,1404,0330,PFT,,,,,,,
Hawaii,E190,E95,357,358,HNL,KOA,KOA,HNL,0635,0752,0117,0837,0957,0120,AAH,,,,,,,
Hawaii,E190,E95,584,585,HNL,LIH,LIH,HNL,0640,0756,0116,0841,0955,0114,AAH,,,,,,,
Domestic,E190,E95,2258,2259,PDX,SFO,SFO,PDX,0650,0845,0155,0930,1125,0155,AUR,,,,,,,
Domestic,E190,E95,4490,4491,RDU,PBI,PBI,RDU,1200,1403,0203,1448,1649,0201,PFT,,,,,,,
Hawaii,E190,E95,275,276,HNL,OGG,OGG,HNL,0710,0824,0114,0909,1025,0116,AAH,,,,,,,
Domestic,E190,E95,1368,1369,PDX,BUR,BUR,PDX,0725,0949,0224,1034,1303,0229,AUR,,,,,,,
Domestic,320/D,321K,420,421,RDU,PDX,PDX,RDU,0855,1145,0550,1245,2047,0502,NAC,,,,,,,
Domestic,320/D,321K,1727,1727,RDU,PDX,PDX,RDU,1920,2220,0600,2320,0916,0656,NAC,,2340,2340,0025,0025,0045,0045
Hawaii,E190,E95,565,566,HNL,OGG,OGG,HNL,0735,0849,0114,0934,1050,0116,AAH,,,,,,,
Domestic,E190,E95,2280,2281,SFO,SLC,SLC,SFO,0740,1036,0156,1121,1231,0210,OLD,,,,,,,
Domestic,E190,E95,4434,4435,MCO,BUF,BUF,MCO,0750,1032,0242,1117,1402,0245,PFT,,,,,,,
Hawaii,E190,E95,201,202,HNL,ITO,ITO,HNL,0755,0916,0121,1001,1127,0126,AAH,,,,,,,
Domestic,E190,E95,4208,4209,MCO,EVV,EVV,MCO,0805,0929,0224,1009,1324,0215,PFT,,,,,,,
Hawaii,E190,E95,285,286,HNL,OGG,OGG,HNL,0810,0924,0114,1009,1125,0116,AAH,,,,,,,
Domestic,E145,EMJ,6156,6157,RDU,PHF,PHF,RDU,2115,2231,0116,0600,0719,0119,EMY,,,,,,,
Domestic,E190,E95,4202,4203,MCO,MEM,MEM,MCO,0830,0943,0213,1028,1330,0202,PFT,,,,,,,
Domestic,E145,EMJ,6190,6191,RDU,PHF,PHF,RDU,1125,1241,0116,1330,1449,0119,EMY,,,,,,,
Domestic,E190,E95,4776,4777,MCO,GRR,GRR,MCO,0835,1122,0247,1207,1449,0242,PFT,,,,,,,
Hawaii,E190,E95,104,105,HNL,LIH,LIH,HNL,0840,0956,0116,1041,1155,0114,AAH,,,,,,,
Hawaii,E190,E95,137,138,HNL,KOA,KOA,HNL,0845,1002,0117,1047,1207,0120,AAH,,,,,,,
Alaska,E190,E95,1666,1705,PDX,FAI,FAI,PDX,0900,1216,0416,1306,1800,0354,AUR,,,,,,,
Hawaii,E190,E95,295,296,HNL,OGG,OGG,HNL,0910,1024,0114,1109,1225,0116,AAH,,,,,,,
Hawaii,E190,E95,120,130,KOA,LIH,LIH,KOA,0920,1050,0130,1135,1300,0125,AAH,,,,,,,
Domestic,320/D,319W,2114,2149,RDU,PHL,PHL,RDU,1515,1645,0130,1730,1904,0134,NAC,,,,,,,
Hawaii,E190,E95,349,359,LIH,OGG,OGG,LIH,0935,1055,0120,1140,1304,0124,AAH,,,,,,,
Hawaii,E190,E95,355,356,HNL,OGG,OGG,HNL,0940,1054,0114,1139,1255,0116,AAH,,,,,,,
Domestic,737/D,738K,866,867,RDU,PHL,PHL,RDU,1040,1210,0130,1300,1434,0134,NAC,,,,,,,
Hawaii,E190,E95,101,102,HNL,ITO,ITO,HNL,0945,1106,0121,1151,1317,0126,AAH,,,,,,,
Hawaii,E190,E95,254,255,HNL,LIH,LIH,HNL,1010,1126,0116,1211,1325,0114,AAH,,,,,,,
Hawaii,E190,E95,237,238,HNL,KOA,KOA,HNL,1015,1132,0117,1217,1337,0120,AAH,,,,,,,
Domestic,E190,E95,3448,3449,MCO,CRW,CRW,MCO,1040,1251,0211,1336,1546,0210,PFT,,,,,,,
Hawaii,E190,E95,305,306,HNL,OGG,OGG,HNL,1040,1154,0114,1239,1355,0116,AAH,,,,,,,
Hawaii,E190,E95,520,530,LIH,KOA,KOA,LIH,1050,1215,0125,1300,1430,0130,AAH,,,,,,,
Domestic,E190,E95,4568,4569,MCO,RDU,RDU,MCO,1100,1252,0152,1337,1530,0153,PFT,,,,,,,
Hawaii,E190,E95,235,236,HNL,OGG,OGG,HNL,1110,1224,0114,1309,1425,0116,AAH,,,,,,,
Hawaii,E190,E95,597,598,HNL,KOA,KOA,HNL,1120,1237,0117,1322,1442,0120,AAH,,,,,,,
Hawaii,E190,E95,315,316,HNL,OGG,OGG,HNL,1140,1254,0114,1339,1455,0116,AAH,,,,,,,
Hawaii,E190,E95,321,322,HNL,ITO,ITO,HNL,1150,1311,0121,1356,1522,0126,AAH,,,,,,,
Domestic,E175,E7S,4500,4501,RDU,PHL,PHL,RDU,2250,0024,0134,0500,0639,0139,RBD,,,,,,,
Domestic,E190,E95,3592,3593,MCO,BHM,BHM,MCO,1200,1249,0149,1334,1616,0142,PFT,,,,,,,
Domestic,E175,E7S,4476,4477,RDU,PHL,PHL,RDU,2145,2315,0130,1456,1630,0134,RBD,,,,,,,
Hawaii,E190,E95,230,239,OGG,KOA,KOA,OGG,1200,1313,0113,1358,1512,0114,AAH,,,,,,,
Domestic,E190,E95,2180,2181,PDX,MSP,MSP,PDX,1205,1732,0327,1817,2019,0402,AUR,,,,,,,
Domestic,E190,E95,4550,4551,MCO,PVD,PVD,MCO,1205,1451,0246,1536,1835,0259,PFT,,,,,,,
Domestic,E175,E7S,4122,4123,RDU,PHL,PHL,RDU,1710,1840,0130,1920,2054,0134,RBD,,,,,,,
Hawaii,E190,E95,234,235,HNL,LIH,LIH,HNL,1210,1326,0116,1411,1525,0114,AAH,,,,,,,
Domestic,320/D,321E,3244,3245,RDU,PHX,PHX,RDU,2110,2255,0445,2355,0808,0513,NAC,,,,,,,
Domestic,320/D,321K,402,399,RDU,PHX,PHX,RDU,0915,1100,0445,1155,2008,0513,NAC,,,,,,,
Domestic,320/D,A320,3194,3195,RDU,PIT,PIT,RDU,2249,2359,0110,0500,0610,0110,NAC,,,,,,,
Domestic,E190,E95,4848,4849,MCO,SDF,SDF,MCO,1240,1454,0214,1539,1747,0208,PFT,,,,,,,
Hawaii,E190,E95,110,109,OGG,ITO,ITO,OGG,1240,1355,0115,1440,1557,0117,AAH,,,,,,,
Hawaii,E190,E95,585,586,HNL,OGG,OGG,HNL,1240,1354,0114,1439,1555,0116,AAH,,,,,,,
Hawaii,E190,E95,117,118,HNL,KOA,KOA,HNL,1250,1407,0117,1452,1612,0120,AAH,,,,,,,
Domestic,E190,E95,4968,4969,MCO,BDL,BDL,MCO,1310,1554,0244,1639,1934,0255,PFT,,,,,,,
Domestic,E190,E95,1124,1125,PDX,PHX,PHX,PDX,1315,1558,0243,1643,1940,0257,AUR,,,,,,,
Domestic,E175,E7S,4324,4325,RDU,PIT,PIT,RDU,1750,1922,0132,2002,2132,0130,RBD,,,,,,,
Hawaii,E190,E95,345,346,HNL,OGG,OGG,HNL,1315,1429,0114,1514,1630,0116,AAH,,,,,,,
Hawaii,E190,E95,171,172,HNL,ITO,ITO,HNL,1320,1441,0121,1526,1652,0126,AAH,,,,,,,
Hawaii,E190,E95,115,116,HNL,OGG,OGG,HNL,1340,1454,0114,1539,1655,0116,AAH,,,,,,,
Domestic,E175,E7S,4330,4331,RDU,PIT,PIT,RDU,1804,1936,0132,2005,2135,0130,RBD,,,,,,,
Domestic,E190,E95,3442,3443,MCO,MKE,MKE,MCO,1400,1554,0254,1639,2025,0246,PFT,,,,,,,
Hawaii,E190,E95,114,115,HNL,LIH,LIH,HNL,1405,1521,0116,1606,1720,0114,AAH,,,,,,,
Domestic,E190,E95,4932,4933,RDU,PIT,PIT,RDU,0725,0857,0132,0942,1112,0130,PFT,,,,,,,
Domestic,E145,ERD,,,RDU,PKB,PKB,RDU,,,0128,,,0125,RVF,,,,,,,
Hawaii,E190,E95,347,348,HNL,KOA,KOA,HNL,1425,1542,0117,1627,1747,0120,AAH,,,,,,,
Caribbean,E190,E95,4602,4603,MCO,MBJ,MBJ,MCO,1430,1538,0208,1640,1953,0213,PFT,,,,,,,
Domestic,E190,E95,4978,4979,LAS,SNA,SNA,LAS,1430,1554,0124,1639,1800,0121,PFT,,,,,,,
Hawaii,E190,E95,249,259,LIH,OGG,OGG,LIH,1435,1555,0120,1640,1804,0124,AAH,,,,,,,
Domestic,E145,ERD,,,RDU,PKB,PKB,RDU,,,0128,,,0125,RVF,,,,,,,
Hawaii,E190,E95,510,509,OGG,ITO,ITO,OGG,1445,1600,0115,1645,1802,0117,AAH,,,,,,,
Hawaii,E190,E95,530,339,OGG,KOA,KOA,OGG,1450,1603,0113,1306,1420,0114,AAH,,,,,,,
Domestic,E190,E95,3500,3501,MCO,OMA,OMA,MCO,1455,1712,0317,1757,2156,0259,PFT,,,,,,,
Hawaii,E190,E95,364,365,HNL,LIH,LIH,HNL,1500,1616,0116,1701,1815,0114,AAH,,,,,,,
Hawaii,E190,E95,575,576,HNL,OGG,OGG,HNL,1510,1624,0114,1709,1825,0116,AAH,,,,,,,
Caribbean,320/I,A320,2466,2467,RDU,PLS,PLS,RDU,0846,1231,0345,1316,1701,0345,NAC,,,,,,,
Domestic,E190,E95,4878,4879,MCO,SYR,SYR,MCO,1515,1801,0246,1846,2138,0252,PFT,,,,,,,
Hawaii,E190,E95,231,232,HNL,ITO,ITO,HNL,1515,1636,0121,1721,1847,0126,AAH,,,,,,,
Caribbean,737/I,738K,1529,3915,RDU,PLS,PLS,RDU,1125,1409,0244,1510,1803,0253,NAC,,1750,2222,2307,0210,0045,0045
Hawaii,E190,E95,594,595,HNL,LIH,LIH,HNL,1535,1651,0116,1736,1850,0114,AAH,,,,,,,
Hawaii,E190,E95,255,256,HNL,OGG,OGG,HNL,1545,1659,0114,1744,1900,0116,AAH,,,,,,,
Domestic,E190,E95,4808,4809,MCO,CHS,CHS,MCO,1555,1724,0129,1809,1940,0131,PFT,,,,,,,
Hawaii,E190,E95,127,128,HNL,KOA,KOA,HNL,1605,1722,0117,1807,1927,0120,AAH,,,,,,,
Domestic,320/D,319W,3910,3911,RDU,PNS,PNS,RDU,2141,2247,0206,0505,0800,0155,NAC,,,,,,,
Domestic,E190,E95,2454,2483,DEN,MKE,MKE,DEN,1620,1945,0225,2030,2207,0237,OLD,,,,,,,
Domestic,E190,E95,4496,4497,MCO,PNS,PNS,MCO,1625,1706,0141,1851,2124,0133,PFT,,,,,,,
Hawaii,E190,E95,367,368,HNL,KOA,KOA,HNL,1635,1752,0117,1837,1957,0120,AAH,,,,,,,
Hawaii,E190,E95,149,159,LIH,OGG,OGG,LIH,1650,1810,0120,1855,2019,0124,AAH,,,,,,,
Hawaii,E190,E95,244,245,HNL,LIH,LIH,HNL,1710,1826,0116,1911,2025,0114,AAH,,,,,,,
Hawaii,E190,E95,131,132,HNL,ITO,ITO,HNL,1725,1846,0121,1931,2057,0126,AAH,,,,,,,
Domestic,E190,E95,4024,4025,MCO,HSV,HSV,MCO,1730,1825,0155,1910,2158,0148,PFT,,,,,,,
Domestic,E190,E95,4706,4707,RDU,PNS,PNS,RDU,0735,0841,0206,1026,1321,0155,PFT,,,,,,,
Hawaii,E190,E95,105,106,HNL,OGG,OGG,HNL,1740,1854,0114,1939,2055,0116,AAH,,,,,,,
Domestic,E145,EMJ,3692,3693,RDU,PNS,PNS,RDU,2249,2355,0206,0601,0856,0155,EMY,,,,,,,
Domestic,E190,E95,3488,3489,MCO,MYR,MYR,MCO,1800,1937,0137,2022,2203,0141,PFT,,,,,,,
Domestic,E145,EMJ,4444,4445,RDU,PNS,PNS,RDU,0905,1020,0215,1155,1457,0202,RBD,,,,,,,
Hawaii,E190,E95,245,246,HNL,OGG,OGG,HNL,1810,1924,0114,2009,2125,0116,AAH,,,,,,,
Hawaii,E190,E95,377,378,HNL,KOA,KOA,HNL,1845,2002,0117,2047,2207,0120,AAH,,,,,,,
Domestic,E190,E95,4548,4549,MCO,CHS,CHS,MCO,1850,2019,0129,2104,2235,0131,PFT,,,,,,,
Domestic,E145,EMJ,5180,5181,RDU,PNS,PNS,RDU,1500,1606,0206,1651,1946,0155,EMY,,,,,,,
Hawaii,E190,E95,251,252,HNL,ITO,ITO,HNL,1905,2026,0121,2111,2237,0126,AAH,,,,,,,
Caribbean,320/I,321K,3107,3108,RDU,PUJ,PUJ,RDU,0745,1155,0410,1255,1705,0410,NAC,,,,,,,
Hawaii,E190,E95,265,266,HNL,OGG,OGG,HNL,1910,2024,0114,2109,2225,0116,AAH,,,,,,,
Caribbean,320/I,321K,3100,3101,RDU,PUJ,PUJ,RDU,1035,1445,0410,1545,1955,0410,NAC,,,,,,,
Hawaii,E190,E95,325,326,HNL,OGG,OGG,HNL,1940,2054,0114,2139,2255,0116,AAH,,,,,,,
Domestic,E190,E95,1906,1939,PDX,SJC,SJC,PDX,1945,2142,0157,2227,0025,0158,AUR,,,,,,,
Domestic,E190,E95,4088,4089,MCO,MSY,MSY,MCO,2015,2115,0200,2200,0048,0148,PFT,,,,,,,
Hawaii,E190,E95,247,248,HNL,KOA,KOA,HNL,2015,2132,0117,2217,2337,0120,AAH,,,,,,,
Domestic,E190,E95,1434,1435,PDX,BZN,BZN,PDX,2025,2316,0151,0001,0106,0205,AUR,,,,,,,
Hawaii,E190,E95,374,375,HNL,LIH,LIH,HNL,2035,2151,0116,2236,2350,0114,AAH,,,,,,,
Hawaii,E190,E95,521,522,HNL,ITO,ITO,HNL,2055,2216,0121,0600,0726,0126,AAH,,,,,,,
Hawaii,E190,E95,595,596,HNL,OGG,OGG,HNL,2110,2224,0114,2309,0025,0116,AAH,,,,,,,
Domestic,E190,E95,1238,1239,PDX,GEG,GEG,PDX,2130,2256,0126,2341,0113,0132,AUR,,,,,,,
Hawaii,E190,E95,335,336,HNL,OGG,OGG,HNL,2135,2249,0114,0600,0716,0116,AAH,,,,,,,
Hawaii,E190,E95,107,108,HNL,KOA,KOA,HNL,2145,2302,0117,0600,0720,0120,AAH,,,,,,,
Hawaii,E190,E95,135,136,HNL,OGG,OGG,HNL,2155,2309,0114,0700,0816,0116,AAH,,,,,,,
Hawaii,E190,E95,124,125,HNL,LIH,LIH,HNL,2220,2336,0116,0600,0714,0114,AAH,,,,,,,
Domestic,E175,E7S,4384,4385,RDU,PVD,PVD,RDU,1005,1120,0115,1205,1315,0110,RBD,,,,,,,
Domestic,E190,E95,4108,4109,MCO,HVN,HVN,MCO,2310,0154,0244,0545,0841,0256,PFT,,,,,,,
Domestic,E190,E95,4170,4171,RDU,PVD,PVD,RDU,0925,1116,0151,1201,1401,0200,PFT,,,,,,,
Hawaii,E190,E95,125,126,HNL,OGG,OGG,HNL,2335,0049,0114,0830,0946,0116,AAH,,,,,,,
Hawaii,E190,E95,587,588,HNL,KOA,KOA,HNL,2340,0057,0117,0810,0930,0120,AAH,,,,,,,
Domestic,E190,E95,4346,4347,MCO,CAK,CAK,MCO,2350,0216,0226,0750,1016,0226,PFT,,,,,,,
Domestic,E190,E95,4358,4359,RDU,PVD,PVD,RDU,1155,1346,0151,1431,1631,0200,PFT,,,,,,,
Canada,E145,EMJ,3770,3771,LGA,YOW,YOW,LGA,2241,2359,0118,0620,0732,0112,EMY,,,,,,,
Canada,E145,EMJ,3776,3777,LGA,YYZ,YYZ,LGA,1208,1333,0125,0630,0745,0115,EMY,,,,,,,
Canada,E145,EMJ,3764,3765,LGA,YUL,YUL,LGA,1114,1244,0130,0630,0800,0130,EMY,,,,,,,
Canada,E145,EMJ,3950,3951,JFK,YUL,YUL,JFK,1700,1831,0131,1344,1515,0131,EMY,,,,,,,
Canada,E145,EMJ,3788,3789,JFK,YYZ,YYZ,JFK,1615,1753,0138,1433,1605,0132,EMY,,,,,,,
Canada,E145,EMJ,3784,3785,LGA,YOW,YOW,LGA,1754,1912,0118,1952,2104,0112,EMY,,,,,,,
Caribbean,E145,EMJ,5822,5823,MIA,NAS,NAS,MIA,0800,0918,0118,0955,1117,0122,EMY,,,,,,,
Caribbean,E145,EMJ,5952,5953,MIA,GGT,GGT,MIA,1115,1242,0127,1315,1449,0134,EMY,,,,,,,
Caribbean,E145,EMJ,5814,5815,MIA,GHB,GHB,MIA,1205,1310,0105,1345,1450,0105,EMY,,,,,,,
Caribbean,E145,EMJ,5866,5867,MIA,NAS,NAS,MIA,1135,1253,0118,1330,1452,0122,EMY,,,,,,,
Caribbean,E145,EMJ,5834,5835,MIA,ELH,ELH,MIA,1340,1500,0120,1530,1655,0125,EMY,,,,,,,
Caribbean,E145,EMJ,6034,6035,MIA,FPO,FPO,MIA,1520,1634,0114,1710,1826,0116,EMY,,,,,,,
Caribbean,E145,EMJ,6078,6079,MIA,MHH,MHH,MIA,1450,1620,0130,1700,1830,0130,EMY,,,,,,,
Caribbean,E145,EMJ,6026,6027,MIA,NAS,NAS,MIA,1520,1638,0118,1710,1832,0122,EMY,,,,,,,
Domestic,E145,EMJ,3722,3723,LGA,ALB,ALB,LGA,2309,2359,0050,0520,0608,0048,EMY,,,,,,,
Domestic,320/D,321K,868,868,RDU,PWM,PWM,RDU,1130,1335,0205,1435,1650,0215,NAC,,,,,,,
Domestic,320/D,A320,2419,2419,RDU,PWM,PWM,RDU,2152,2357,0205,0525,0740,0215,NAC,,,,,,,
Domestic,E145,EMJ,3706,3707,LGA,SYR,SYR,LGA,2237,2359,0122,0500,0619,0119,EMY,,,,,,,
Domestic,E190,E95,4590,4591,RDU,PWM,PWM,RDU,1232,1440,0208,1520,1735,0215,PFT,,,,,,,
Domestic,E145,EMJ,3714,3715,LGA,ROC,ROC,LGA,2232,2359,0127,0510,0633,0123,EMY,,,,,,,
Domestic,E145,EMJ,3626,3627,AUS,AMA,AMA,AUS,2217,2359,0142,0500,0637,0137,EMY,,,,,,,
Domestic,E145,EMJ,3730,3731,LGA,BUF,BUF,LGA,2239,2359,0120,0530,0640,0110,EMY,,,,,,,
Domestic,E145,EMJ,6116,6117,MIA,TLH,TLH,MIA,2218,2359,0141,0510,0645,0135,EMY,,,,,,,
Domestic,E145,EMJ,3738,3739,LGA,PIT,PIT,LGA,2241,2359,0118,0540,0648,0108,EMY,,,,,,,
Domestic,737/D,738K,2220,2249,RDU,RIC,RIC,RDU,2240,2355,0115,0517,0634,0117,NAC,,1750,1650,1735,1835,0045,0045
Domestic,737/D,738K,1418,1419,RDU,RIC,RIC,RDU,1255,1410,0115,1455,1612,0117,NAC,,,,,,,
Domestic,E175,E7W,4446,4447,RDU,ROA,ROA,RDU,1640,1755,0115,1830,1945,0115,RBD,,,,,,,
Domestic,E145,EMJ,6154,6155,RDU,ROA,ROA,RDU,2239,2355,0116,0545,0659,0114,EMY,,,,,,,
Domestic,E145,EMJ,5940,5941,RDU,ROA,ROA,RDU,0855,1011,0116,1045,1159,0114,EMY,,,,,,,
Domestic,E145,EMJ,5982,5983,BOS,SYR,SYR,BOS,2230,2359,0129,0555,0718,0123,EMY,,,,,,,
Domestic,E145,EMJ,3650,3651,AUS,SJT,SJT,AUS,2237,2359,0122,0600,0718,0118,EMY,,,,,,,
Domestic,E145,EMJ,3642,3643,AUS,CRP,CRP,AUS,2241,2359,0118,0600,0718,0118,EMY,,,,,,,
Domestic,E145,EMJ,5892,5893,RDU,ROA,ROA,RDU,1210,1326,0116,1400,1514,0114,EMY,,,,,,,
Domestic,737/D,738K,3870,3871,RDU,RSW,RSW,RDU,2048,2255,0207,0700,0903,0203,NAC,,,,,,,
Domestic,737/D,738K,2230,2261,RDU,RSW,RSW,RDU,1025,1232,0207,1400,1603,0203,NAC,,,,,,,
Domestic,E145,EMJ,3672,3673,AUS,SPS,SPS,AUS,2233,2359,0126,0600,0725,0125,EMY,,,,,,,
Domestic,E145,EMJ,3754,3755,LGA,RIC,RIC,LGA,2229,2359,0130,0600,0726,0126,EMY,,,,,,,
Domestic,E145,EMJ,3646,3647,AUS,SHV,SHV,AUS,2235,2359,0124,0600,0729,0129,EMY,,,,,,,
Domestic,E145,EMJ,3662,3663,AUS,LBB,LBB,AUS,2224,2359,0135,0600,0730,0130,EMY,,,,,,,
Domestic,E145,EMJ,3746,3747,LGA,CMH,CMH,LGA,2207,2359,0152,0550,0731,0141,EMY,,,,,,,
Domestic,E145,EMJ,3680,3681,AUS,LFT,LFT,AUS,2230,2359,0129,0600,0737,0137,EMY,,,,,,,
Domestic,E145,EMJ,3762,3763,LGA,ORF,ORF,LGA,2229,2359,0130,0610,0737,0127,EMY,,,,,,,
Domestic,E190,E95,4836,4837,RDU,RSW,RSW,RDU,1210,1417,0207,1502,1705,0203,PFT,,,,,,,
Domestic,E145,EMJ,3630,3631,AUS,ROW,ROW,AUS,2210,2359,0149,0600,0740,0140,EMY,,,,,,,
Domestic,E190,E95,4622,4623,RDU,RSW,RSW,RDU,2305,0112,0207,0700,0903,0203,PFT,,,,,,,
Domestic,320/D,321K,2000,2001,RDU,SAN,SAN,RDU,1055,1310,0515,1112,1959,0547,NAC,,2350,0205,0640,1527,0045,0045
Domestic,E145,EMJ,6090,6091,MIA,PNS,PNS,MIA,2203,2259,0156,0500,0747,0147,EMY,,,,,,,
Domestic,E145,EMJ,3668,3669,AUS,SGF,SGF,AUS,2209,2359,0150,0600,0755,0155,EMY,,,,,,,
Domestic,320/D,321K,2054,2079,RDU,SAN,SAN,RDU,1840,2113,0533,2210,0554,0444,NAC,,,,,,,
Domestic,E145,EMJ,3604,3605,AUS,COS,COS,AUS,2144,2359,0215,0600,0807,0207,EMY,,,,,,,
Domestic,E145,EMJ,3700,3701,AUS,ACT,ACT,AUS,2241,2355,0114,0700,0814,0114,EMY,,,,,,,
Domestic,E145,EMJ,3778,3779,LGA,SAV,SAV,LGA,2149,2359,0210,0630,0828,0158,EMY,,,,,,,
Domestic,E145,EMJ,3686,3687,AUS,TLH,TLH,AUS,2147,2359,0212,0600,0830,0230,EMY,,,,,,,
Domestic,320/D,H205,1040,1047,RDU,SAV,SAV,RDU,1420,1550,0130,1630,1756,0126,NAC,,,,,,,
Domestic,320/D,319W,2362,2389,RDU,SAV,SAV,RDU,2229,2359,0130,0515,0641,0126,NAC,,,,,,,
Domestic,E145,EMJ,3658,3659,AUS,JAN,JAN,AUS,1949,2130,0141,0700,0851,0151,EMY,,,,,,,
Domestic,E145,EMJ,3694,3695,AUS,SBN,SBN,AUS,2120,2359,0239,0600,0853,0253,EMY,,,,,,,
Domestic,320/D,A320,3064,3065,RDU,SDF,SDF,RDU,2119,2355,0236,0605,0834,0229,NAC,,,,,,,
Domestic,E145,EMJ,5904,5905,MIA,CMH,CMH,MIA,2102,2357,0255,0605,0856,0251,EMY,,,,,,,
Domestic,E145,EMJ,6092,6093,MIA,BHM,BHM,MIA,2236,2354,0218,0605,0913,0208,EMY,,,,,,,
Domestic,E145,EMJ,3576,3577,AUS,BHM,BHM,AUS,2200,0001,0201,0700,0916,0216,EMY,,,,,,,
Domestic,E145,EMJ,3708,3709,LGA,ALB,ALB,LGA,0704,0754,0050,0834,0922,0048,EMY,,,,,,,
Domestic,320/D,H205,2914,2915,RDU,SDF,SDF,RDU,1226,1410,0144,1455,1631,0136,NAC,,,,,,,
Domestic,E145,EMJ,3724,3725,LGA,BUF,BUF,LGA,0653,0813,0120,0853,1003,0110,EMY,,,,,,,
Domestic,E190,E95,2338,2369,RDU,SDF,SDF,RDU,0820,1007,0147,1052,1228,0136,PFT,,,,,,,
Domestic,320/D,321K,2266,2309,RDU,SEA,SEA,RDU,2050,2350,0600,2350,0946,0656,NAC,,,,,,,
Domestic,E145,EMJ,3732,3733,LGA,PIT,PIT,LGA,0725,0843,0118,0923,1031,0108,EMY,,,,,,,
Domestic,E145,EMJ,3716,3717,LGA,SYR,SYR,LGA,0718,0840,0122,0920,1039,0119,EMY,,,,,,,
Domestic,E145,EMJ,3740,3741,LGA,ROC,ROC,LGA,0733,0900,0127,0940,1103,0123,EMY,,,,,,,
Domestic,E145,EMJ,3772,3773,LGA,BTV,BTV,LGA,0817,0925,0108,1005,1109,0104,EMY,,,,,,,
Domestic,E145,EMJ,3620,3621,AUS,SJT,SJT,AUS,0805,0927,0122,0959,1117,0118,EMY,,0705,0905,0950,1518,0045,0045
Domestic,E145,EMJ,3780,3781,LGA,ALB,ALB,LGA,0913,1003,0050,1043,1131,0048,EMY,,,,,,,
Domestic,320/D,321K,3912,3913,RDU,SEA,SEA,RDU,0855,1155,0600,1255,2251,0656,NAC,,,,,,,
Domestic,320/D,321K,2334,2365,RDU,SFO,SFO,RDU,1040,1325,0545,1424,0003,0639,NAC,,,,,,,
Domestic,E145,EMJ,3756,3757,LGA,ROA,ROA,LGA,0811,0954,0143,1034,1209,0135,EMY,,,,,,,
Domestic,E145,EMJ,3580,3581,AUS,AMA,AMA,AUS,0817,0959,0142,1044,1221,0137,EMY,,,,,,,
Domestic,320/D,321K,1930,1931,RDU,SFO,SFO,RDU,2205,0050,0545,0600,1539,0639,NAC,,,,,,,
Domestic,E145,EMJ,5996,5997,MIA,JAX,JAX,MIA,0910,1042,0132,1115,1246,0131,EMY,,,,,,,
Domestic,737/D,738M,258,257,RDU,SFO,SFO,RDU,1851,2150,0559,2250,0657,0507,NAC,,,,,,,
Domestic,E145,EMJ,5956,5957,DCA,CRW,CRW,DCA,1330,1458,0128,1130,1252,0122,EMY,,,,,,,
Domestic,E145,EMJ,3748,3749,LGA,GSP,GSP,LGA,0816,1021,0205,1101,1256,0155,EMY,,,,,,,
Domestic,E145,EMJ,3612,3613,AUS,CRP,CRP,AUS,0954,1112,0118,1145,1303,0118,EMY,,,,,,,
Domestic,E145,EMJ,3632,3633,AUS,SHV,SHV,AUS,0956,1120,0124,1151,1320,0129,EMY,,0850,1322,1407,1710,0045,0045
Domestic,E145,EMJ,3568,3569,AUS,MAF,MAF,AUS,0947,1119,0132,1159,1325,0126,EMY,,,,,,,
Domestic,E145,EMJ,3656,3657,AUS,JAN,JAN,AUS,0924,1105,0141,1136,1327,0151,EMY,,,,,,,
Domestic,E145,EMJ,3594,3595,AUS,LBB,LBB,AUS,0959,1134,0135,1204,1334,0130,EMY,,,,,,,
Domestic,E145,EMJ,5936,5937,BOS,ISP,ISP,BOS,1005,1124,0119,1221,1337,0116,EMY,,,,,,,
Domestic,E145,EMJ,5914,5915,BOS,ACK,ACK,BOS,1040,1153,0113,1244,1358,0114,EMY,,,,,,,
Domestic,E145,EMJ,3570,3571,AUS,COS,COS,AUS,0855,1010,0215,1055,1402,0207,EMY,,,,,,,
Domestic,737/D,738K,1442,1443,AUS,COS,COS,AUS,2144,2259,0215,0658,1005,0207,NAC,,1520,1635,1720,2027,0045,0045
Domestic,737/D,738K,2554,2555,AUS,COS,COS,AUS,1233,1348,0215,1430,1737,0207,NAC,,0620,0735,0820,1127,0045,0045
Domestic,E145,EMJ,3582,3583,AUS,SAF,SAF,AUS,0924,1030,0206,1115,1410,0155,EMY,,,,,,,
Domestic,737/D,738M,1826,1861,RDU,SFO,SFO,RDU,0700,0959,0559,1050,1857,0507,NAC,,,,,,,
Mexico,320/D,321K,3066,3067,RDU,SJD,SJD,RDU,0832,1045,0513,1245,2015,0430,NAC,,,,,,,
Central America,737/I,738M,2070,2105,RDU,SJO,SJO,RDU,1135,1357,0422,1500,2114,0414,NAC,,,,,,,
Domestic,E145,EMJ,3606,3607,AUS,SGF,SGF,AUS,1024,1214,0150,1244,1439,0155,EMY,,,,,,,
Domestic,E145,EMJ,6066,6067,MIA,TLH,TLH,MIA,1040,1221,0141,1310,1445,0135,EMY,,,,,,,
Caribbean,320/I,321K,2464,2465,RDU,SJU,SJU,RDU,2039,2359,0320,0700,1020,0320,NAC,,,,,,,
Caribbean,320/I,321K,430,433,RDU,SJU,SJU,RDU,1120,1440,0320,1530,1850,0320,NAC,,,,,,,
Domestic,E145,EMJ,3578,3579,AUS,ACT,ACT,AUS,1151,1305,0114,1335,1449,0114,EMY,,,,,,,
Domestic,320/D,321R,2414,2451,RDU,SLC,SLC,RDU,0904,1146,0442,1245,1848,0403,NAC,,,,,,,
Domestic,E145,EMJ,3380,3381,AUS,BHM,BHM,AUS,1015,1216,0201,1246,1502,0216,EMY,,,,,,,
Domestic,E145,EMJ,5800,5801,BOS,ISP,ISP,BOS,1135,1254,0119,1351,1507,0116,EMY,,,,,,,
Domestic,320/D,321E,2436,2467,RDU,SNA,SNA,RDU,1729,2005,0536,0705,1451,0446,OLD,,,,,,,
Domestic,737/D,738M,282,283,RDU,SNA,SNA,RDU,1924,2200,0536,0745,1531,0446,NAC,,,,,,,
Domestic,E190,E95,4114,4115,RDU,SRQ,SRQ,RDU,2320,0123,0203,0540,0738,0158,PFT,,,,,,,
Domestic,E145,EMJ,3588,3589,AUS,DRT,DRT,AUS,1315,1438,0123,1408,1527,0119,EMY,,,,,,,
Domestic,E145,EMJ,6080,6081,MIA,BHM,BHM,MIA,1030,1148,0218,1220,1528,0208,EMY,,,,,,,
Domestic,E145,EMJ,6152,6153,MIA,PNS,PNS,MIA,1010,1106,0156,1246,1533,0147,EMY,,,,,,,
Domestic,E145,EMJ,3572,3573,AUS,LFT,LFT,AUS,1142,1311,0129,1356,1533,0137,EMY,,,,,,,
Domestic,E145,EMJ,6134,6135,BOS,SYR,SYR,BOS,1201,1330,0129,1410,1533,0123,EMY,,,,,,,
Domestic,E145,EMJ,5816,5817,BOS,ROC,ROC,BOS,1115,1252,0137,1408,1537,0129,EMY,,,,,,,
Domestic,737/D,738K,1122,1141,RDU,STL,STL,RDU,2310,0024,0214,0635,0935,0200,NAC,,,,,,,
Domestic,E145,EMJ,3592,3593,AUS,ROW,ROW,AUS,1157,1246,0149,1316,1556,0140,EMY,,,,,,,
Domestic,E145,EMJ,3684,3685,AUS,TLH,TLH,AUS,1045,1357,0212,1430,1600,0230,EMY,,,,,,,
Domestic,737/D,738K,1854,1854,RDU,STL,STL,RDU,1328,1442,0214,1522,1822,0200,NAC,,,,,,,
Caribbean,320/I,319S,2906,2907,RDU,STT,STT,RDU,1025,1355,0330,1455,1843,0348,NAC,,,,,,,
Caribbean,737/I,738K,2239,2239,RDU,STX,STX,RDU,1015,1349,0334,1450,1843,0353,NAC,,,,,,,
Domestic,E145,EMJ,6118,6119,BOS,MDT,MDT,BOS,1155,1331,0136,1446,1615,0129,EMY,,,,,,,
Caribbean,737/I,738M,3090,3091,RDU,SXM,SXM,RDU,0850,1250,0400,1350,1750,0400,NAC,,,,,,,
Domestic,E145,EMJ,3586,3587,AUS,EVV,EVV,AUS,1124,1338,0214,1408,1635,0227,EMY,,,,,,,
Domestic,E145,EMJ,3616,3617,AUS,SBN,SBN,AUS,1037,1416,0239,1447,1640,0253,EMY,,,,,,,
Domestic,E145,EMJ,3616,3617,AUS,SBN,SBN,AUS,1037,1416,0239,1447,1640,0253,EMY,,,,,,,
Domestic,E145,EMJ,3734,3735,LGA,SYR,SYR,LGA,1116,1238,0122,1521,1640,0119,EMY,,,,,,,
Domestic,E145,EMJ,6150,6151,MIA,JAX,JAX,MIA,1300,1432,0132,1512,1643,0131,EMY,,,,,,,
Domestic,E145,EMJ,3758,3759,LGA,ORF,ORF,LGA,1254,1424,0130,1519,1646,0127,EMY,,,,,,,
Domestic,E145,EMJ,3718,3719,LGA,BUF,BUF,LGA,1124,1244,0120,1539,1649,0110,EMY,,2310,2310,2355,2355,0045,0045
Domestic,E190,E95,4096,4097,RDU,SYR,SYR,RDU,1420,1608,0148,1653,1844,0151,PFT,,,,,,,
Domestic,E145,EMJ,6012,6013,RDU,SYR,SYR,RDU,2109,2257,0148,0555,0746,0151,EMY,,,,,,,
Domestic,E145,EMJ,3750,3751,LGA,RIC,RIC,LGA,1341,1511,0130,1534,1700,0126,EMY,,2310,0342,0505,0808,0045,0045
Domestic,E145,EMJ,3782,3783,LGA,TYS,TYS,LGA,1216,1411,0155,1524,1709,0145,EMY,,,,,,,
Domestic,E145,EMJ,3590,3591,AUS,SPS,SPS,AUS,1405,1531,0126,1601,1726,0125,EMY,,,,,,,
Domestic,E145,EMJ,3742,3743,LGA,CMH,CMH,LGA,1148,1340,0152,1553,1734,0141,EMY,,,,,,,
Domestic,E145,EMJ,5962,5963,RDU,SYR,SYR,RDU,1137,1325,0148,1400,1551,0151,EMY,,,,,,,
Domestic,E145,EMJ,3774,3775,LGA,GSO,GSO,LGA,1154,1332,0138,1623,1751,0128,EMY,,,,,,,
Domestic,E145,EMJ,3710,3711,LGA,ROC,ROC,LGA,1007,1134,0127,1638,1801,0123,EMY,,,,,,,
Domestic,E145,EMJ,3760,3761,LGA,CMH,CMH,LGA,1402,1554,0152,1625,1806,0141,EMY,,,,,,,
Domestic,E145,EMJ,3726,3727,LGA,PIT,PIT,LGA,1048,1206,0118,1701,1809,0108,EMY,,,,,,,
Domestic,E145,EMJ,5966,5967,RDU,TLH,TLH,RDU,2107,2259,0152,0555,0739,0144,EMY,,,,,,,
Domestic,E145,EMJ,5928,5929,RDU,TLH,TLH,RDU,1033,1225,0152,1305,1449,0144,EMY,,,,,,,
Domestic,E145,EMJ,3766,3767,LGA,GSP,GSP,LGA,1247,1452,0205,1646,1841,0155,EMY,,,,,,,
Domestic,E145,EMJ,5182,5183,RDU,TLH,TLH,RDU,1430,1622,0152,1707,1851,0144,EMY,,,,,,,
Domestic,E145,EMJ,5830,5831,BOS,ROC,ROC,BOS,1435,1612,0137,1728,1857,0129,EMY,,,,,,,
Domestic,320/D,321E,1598,1597,RDU,TPA,TPA,RDU,1455,1654,0159,1750,1944,0154,NAC,,,,,,,
Domestic,320/D,321K,1744,1775,RDU,TPA,TPA,RDU,2200,2355,0155,0605,0800,0155,NAC,,,,,,,
Domestic,E145,EMJ,3754,3755,AUS,LBB,LBB,AUS,1609,1744,0135,1815,1945,0130,EMY,,,,,,,
Domestic,E145,EMJ,5282,5283,AUS,MAF,MAF,AUS,1617,1749,0132,1819,1945,0126,EMY,,,,,,,
Domestic,320/D,321K,3972,3973,RDU,TPA,TPA,RDU,0700,0859,0159,0954,1148,0154,NAC,,,,,,,
Domestic,E145,EMJ,5280,5281,AUS,AMA,AMA,AUS,1605,1747,0142,1817,1954,0137,EMY,,,,,,,
Domestic,320/D,321K,1270,1305,RDU,TPA,TPA,RDU,1820,2019,0159,2104,2258,0154,NAC,,,,,,,
Domestic,E145,EMJ,6098,6099,BOS,ACK,ACK,BOS,1655,1808,0113,1859,2013,0114,EMY,,,,,,,
Domestic,E145,EMJ,5284,5285,AUS,MFE,MFE,AUS,1655,1822,0127,1855,2021,0126,EMY,,,,,,,
Domestic,E145,EMJ,5288,5289,AUS,HRL,HRL,AUS,1705,1831,0126,1901,2027,0126,EMY,,,,,,,
Domestic,E145,EMJ,5290,5291,AUS,BRO,BRO,AUS,1707,1835,0128,1905,2033,0128,EMY,,,,,,,
Domestic,E145,EMJ,6028,6029,BOS,BUF,BUF,BOS,1600,1743,0143,1904,2038,0134,EMY,,,,,,,
Domestic,E190,E95,4366,4367,RDU,TPA,TPA,RDU,1315,1518,0203,1603,1757,0154,PFT,,,,,,,
Domestic,E145,EMJ,5924,5925,MIA,JAX,JAX,MIA,1720,1852,0132,1920,2051,0131,EMY,,,,,,,
Domestic,E145,EMJ,6074,6075,MIA,SAV,SAV,MIA,1705,1847,0142,1920,2101,0141,EMY,,,,,,,
Domestic,E145,EMJ,6104,6105,MIA,SRQ,SRQ,MIA,1755,1916,0121,1950,2108,0118,EMY,,,,,,,
Domestic,E175,E7W,4110,4111,RDU,TUL,TUL,RDU,2208,2359,0251,0500,0829,0229,RBD,,,,,,,
Domestic,E145,EMJ,5292,5293,AUS,TYR,TYR,AUS,1801,1920,0119,1950,2112,0122,EMY,,,,,,,
Domestic,E145,EMJ,5902,5903,MIA,TLH,TLH,MIA,1729,1910,0141,1940,2115,0135,EMY,,,,,,,
Domestic,E145,EMJ,3578,3579,AUS,ACT,ACT,AUS,1819,1933,0114,2003,2117,0114,EMY,,,,,,,
Domestic,E145,EMJ,3752,3753,LGA,ORF,ORF,LGA,1745,1915,0130,1955,2122,0127,EMY,,,,,,,
Domestic,E145,EMJ,3678,3679,AUS,SHV,SHV,AUS,1757,1921,0124,2001,2130,0129,EMY,,,,,,,
Domestic,E145,EMJ,3696,3697,AUS,CRP,CRP,AUS,1814,1932,0118,2012,2130,0118,EMY,,,,,,,
Domestic,E175,E7W,4462,4463,RDU,TUL,TUL,RDU,1124,1315,0251,1345,1714,0229,RBD,,,,,,,
Domestic,E145,EMJ,3768,3769,LGA,ALB,ALB,LGA,1926,2016,0050,2056,2144,0048,EMY,,,,,,,
Domestic,E145,EMJ,3720,3721,LGA,CMH,CMH,LGA,1734,1926,0152,2006,2147,0141,EMY,,,,,,,
Domestic,E145,EMJ,3712,3713,LGA,PIT,PIT,LGA,1846,2004,0118,2044,2152,0108,EMY,,,,,,,
Domestic,E145,EMJ,3736,3737,LGA,MYR,MYR,LGA,1725,1923,0158,2003,2154,0151,EMY,,,,,,,
Domestic,E145,EMJ,3744,3745,LGA,ORF,ORF,LGA,1819,1949,0130,2029,2156,0127,EMY,,,,,,,
Domestic,E145,EMJ,3728,3729,LGA,ROC,ROC,LGA,1854,2021,0127,2101,2224,0123,EMY,,,,,,,
Domestic,E145,EMJ,5932,5933,MIA,PNS,PNS,MIA,1719,1815,0156,1943,2230,0147,EMY,,,,,,,
Caribbean,E145,EMJ,,,SJU,DOM,DOM,SJU,,,0132,,,0139,RVF,,1210,1342,1437,1616,0055,0055
Caribbean,E145,EMJ,,,STT,DOM,DOM,STT,,,0127,,,0133,RVF,,1220,1347,1442,1615,0055,0055
Caribbean,E145,EMJ,,,SJU,EIS,EIS,SJU,,,0113,,,0115,RVF,,1800,1913,2008,2123,0055,0055
Domestic,E145,ERD,,,PHX,PGA,PGA,PHX,0640,0803,0123,0848,1012,0124,RVF,,,,,,,
Domestic,E145,ERD,,,PHX,SOW,SOW,PHX,1235,1350,0115,1435,1552,0117,RVF,,,,,,,
Domestic,E145,ERD,,,PHX,PGA,PGA,PHX,1415,1538,0123,1623,1747,0124,RVF,,,,,,,
Domestic,E145,ERD,,,PHX,SOW,SOW,PHX,1430,1545,0115,1630,1747,0117,RVF,,,,,,,
Caribbean,E145,ERD,,,SJU,SXM,SXM,SJU,,,0118,,,0122,RVF,,0630,0748,0843,1005,0055,0055
Domestic,E145,ERD,,,DEN,ALS,ALS,DEN,,,0117,,,0105,RVF,,,,,,,
Domestic,E175,E7W,4448,4449,RDU,TYS,TYS,RDU,1754,1930,0136,1905,2015,0110,RBD,,,,,,,
Domestic,E145,EMJ,5880,5881,RDU,TYS,TYS,RDU,2323,0055,0132,0500,0625,0125,EMY,,,,,,,
Domestic,E145,ERD,,,PHX,CNY,CNY,PHX,,,0135,,,0138,RVF,,0620,0855,0940,1018,0045,0045
Domestic,E145,ERD,,,PHX,CNY,CNY,PHX,,,0135,,,0138,RVF,,0750,1025,1110,1148,0045,0045
Canada,320/D,321E,1143,1142,LAX,YVR,YVR,LAX,0941,1234,0253,1340,1618,0238,NAC,,,,,,,
Domestic,E145,ERD,,,MSP,IWD,IWD,MSP,,,0118,,,0121,RVF,,1825,1943,2028,2149,0045,0045
Domestic,E145,ERD,,,MSP,IWD,IWD,MSP,,,0118,,,0121,RVF,,1620,1738,1823,1944,0045,0045
Canada,E175,E7W,6274,6275,LAX,YVR,YVR,LAX,1335,1641,0306,1731,2021,0250,SSX,,,,,,,
Domestic,E145,ERD,,,LAS,MCE,MCE,LAS,,,0133,,,0127,RVF,,0650,0823,0908,1035,0045,0045
Domestic,E145,EMJ,6186,6187,RDU,TYS,TYS,RDU,1153,1325,0132,1305,1430,0125,EMY,,,,,,,
Domestic,E145,EMJ,5896,5897,RDU,TYS,TYS,RDU,1808,1940,0132,1920,2045,0125,EMY,,,,,,,
Caribbean,737/I,738K,1214,1214,RDU,UVF,UVF,RDU,1015,1430,0415,1530,2009,0439,NAC,,,,,,,
Domestic,E190,E95,4330,4331,RDU,VRB,VRB,RDU,1900,2100,0200,2145,2342,0157,PFT,,,,,,,
Domestic,E145,ERD,,,LAS,PGA,PGA,LAS,,,0120,,,0124,RVF,,1400,1520,1605,1729,0045,0045
Domestic,E145,ERD,,,PHX,PGA,PGA,PHX,,,0123,,,0124,RVF,,1245,1408,1453,1617,0045,0045
Domestic,E145,ERD,,,PHX,PGA,PGA,PHX,,,0123,,,0124,RVF,,1935,2058,2143,2307,0045,0045
Canada,E175,E7S,4156,4157,RDU,YYZ,YYZ,RDU,1940,2132,0152,0600,0751,0151,RBD,,,,,,,
Canada,E175,E7S,4156,4157,RDU,YYZ,YYZ,RDU,1940,2132,0152,0600,0751,0151,RBD,,,,,,,
Domestic,E145,ERD,,,PHX,SOW,SOW,PHX,,,0115,,,0117,RVF,,1840,1955,2040,2157,0045,0045
Domestic,E145,ERD,,,PHX,SOW,SOW,PHX,,,0115,,,0117,RVF,,0755,0910,0955,1112,0045,0045
Domestic,E145,ERD,,,MSP,TVF,TVF,MSP,,,0127,,,0124,RVF,,1255,1422,1507,1631,0045,0045
Domestic,E145,ERD,,,MSP,TVF,TVF,MSP,,,0127,,,0124,RVF,,1940,2107,2152,2316,0045,0045
Domestic,E145,ERD,,,PHX,VEL,VEL,PHX,,,0146,,,0149,RVF,,1425,1711,1756,1845,0045,0045
Domestic,E145,ERD,,,PHX,VEL,VEL,PHX,,,0146,,,0149,RVF,,1735,2021,2106,2155,0045,0045
Domestic,737/D,,1265,1264,LAS,SFO,SFO,LAS,1225,1409,0144,1454,1629,0135,OLD,,,,,,,
Domestic,,,,,MSP,LAX,LAX,MSP,0605,0759,0354,0844,1417,0333,AAA,,,,,,,
Domestic,,,,,MSP,MCO,MCO,MSP,0620,1032,0312,1117,1343,0326,AAA,,,,,,,
Domestic,,,,,MSP,SFO,SFO,MSP,0640,0853,0413,0938,1517,0339,AAA,,,,,,,
Domestic,,,,,MSP,FLL,FLL,MSP,0650,1122,0332,1207,1454,0347,AAA,,,,,,,
Domestic,,,,,MSP,SLC,SLC,MSP,0655,0850,0255,0935,1308,0233,AAA,,,,,,,
Domestic,,,,,MSP,SAN,SAN,MSP,0710,0914,0404,0959,1533,0334,AAA,,,,,,,
Domestic,737/D,,1211,1210,LAS,SFO,SFO,LAS,1520,1704,0144,1749,1924,0135,OLD,,,,,,,
Domestic,,,,,MSP,SAT,SAT,MSP,0730,1027,0257,1112,1403,0251,AAA,,,,,,,
Domestic,,,,,MSP,ORD,ORD,MSP,0740,0858,0118,0943,1124,0141,AAA,,,,,,,
Domestic,,,,,MSP,SEA,SEA,MSP,0750,0937,0347,1022,1539,0317,AAA,,,,,,,
Domestic,,,,,MSP,FLL,FLL,MSP,0830,1302,0332,1347,1634,0347,AAA,,,,,,,
Domestic,,,,,MSP,PHL,PHL,MSP,0840,1212,0232,1257,1449,0252,AAA,,,,,,,
Domestic,,,,,MSP,FCA,FCA,MSP,0905,1104,0259,1149,1526,0237,AAA,,,,,,,
Domestic,,,,,MSP,FAR,FAR,MSP,0945,1109,0124,1154,1314,0120,AAA,,,,,,,
Domestic,,,,,MSP,PHL,PHL,MSP,0950,1322,0232,1407,1559,0252,AAA,,,,,,,
Domestic,,,,,MSP,ORD,ORD,MSP,1010,1128,0118,1213,1354,0141,AAA,,,,,,,
Domestic,,,,,MSP,MCO,MCO,MSP,1015,1427,0312,1512,1738,0326,AAA,,,,,,,
Domestic,,,,,MSP,MKE,MKE,MSP,1040,1206,0126,1251,1423,0132,AAA,,,,,,,
Domestic,,,,,MSP,DCA,DCA,MSP,1050,1417,0227,1502,1647,0245,AAA,,,,,,,
Domestic,,,,,MSP,SAN,SAN,MSP,1110,1314,0404,1359,1933,0334,AAA,,,,,,,
Domestic,,,,,MSP,FAR,FAR,MSP,1115,1239,0124,1324,1444,0120,AAA,,,,,,,
Domestic,,,,,MSP,MCO,MCO,MSP,1120,1532,0312,1617,1843,0326,AAA,,,,,,,
Domestic,,,,,MSP,MDW,MDW,MSP,1140,1310,0130,1355,1531,0136,AAA,,,,,,,
Domestic,,,,,MSP,ORD,ORD,MSP,1145,1303,0118,1348,1529,0141,AAA,,,,,,,
Domestic,,,,,MSP,LAX,LAX,MSP,1150,1344,0354,1429,2002,0333,AAA,,,,,,,
Domestic,,,,,MSP,LAS,LAS,MSP,1225,1359,0334,1444,1952,0308,AAA,,,,,,,
Domestic,,,,,MSP,MKE,MKE,MSP,1230,1356,0126,1441,1613,0132,AAA,,,,,,,
Domestic,,,,,MSP,SLC,SLC,MSP,1235,1430,0255,1515,1848,0233,AAA,,,,,,,
Domestic,,,,,MSP,SEA,SEA,MSP,1410,1557,0347,1642,2159,0317,AAA,,,,,,,
Domestic,,,,,MSP,DCA,DCA,MSP,1420,1747,0227,1832,2017,0245,AAA,,,,,,,
Domestic,,,,,MSP,SFO,SFO,MSP,1440,1653,0413,1738,2317,0339,AAA,,,,,,,
Domestic,,,,,MSP,LAS,LAS,MSP,1625,1759,0334,1844,2352,0308,AAA,,,,,,,
Domestic,,,,,MSP,LAS,LAS,MSP,1655,1829,0334,1914,0022,0308,AAA,,,,,,,
Domestic,,,,,MSP,LAS,LAS,MSP,1750,1924,0334,2009,0117,0308,AAA,,,,,,,
Domestic,,,,,MSP,PDX,PDX,MSP,1755,1946,0351,2031,0151,0320,AAA,,,,,,,
Domestic,,,,,MSP,SNA,SNA,MSP,1950,2153,0403,2238,0411,0333,AAA,,,,,,,